compound_id,canonical_smiles,class
TN1517L,COc1cccc(OC)c1CCC(=O)c1ccc(O)cc1,stable
TN3128,CCC(=O)CC(C)CC,stable
TN6881,Cc1ccc(O)c(C)c1,stable
TMO2790,O=C(O)Cc1cccc2ccccc12,stable
TBBP06099,O=C1Cc2cc(O)ccc2N1,stable
T21111,CCCCCCCCCC(=O)N(C)C,stable
T33975,CCC(=O)OCCc1ccccc1,stable
TN6098,COc1cc2c(cc1O)-c1cc3cc(OC)c(OC)cc3c[n+]1CC2,stable
T13496,O=C(OCc1ccoc1)c1ccc[nH]1,stable
TN4292,C=CCC12C(=O)C=C(OC)C3(OC)C1C3(C)C2c1ccc2c(c1)OCO2,stable
T2786,O=C1C=CCC2C3CCC[N+]4([O-])CCCC(CN12)C34,stable
NP-008084,O=C(O)CCCCCCCCO,stable
NP-017933,COC(=O)CC(O)(CC(=O)O)C(=O)OC,stable
TN6080,COc1cc(C=O)cc2c1[nH]c1ccccc12,stable
TN1752,CN1c2ccccc2C(=O)N2CCc3c([nH]c4ccccc34)C21O,stable
T11685,CC1(C)C2=CCCC(C)(C)C23CCC1C3,stable
TN3208,Oc1ccc2c(c1)OCC(Cc1ccc(O)c(O)c1)=C2,stable
T2A2428,COc1ccc(C(=O)O)c(O)c1,stable
AG-205/03660043,COc1ccc(Cc2nccc3cc(OC)c(OC)cc23)cc1OC,stable
TN4686,CC1(C)C=Cc2cc3c(=O)c4c(O)cc(O)cc4oc3c(O)c2O1,stable
T34513,CC(C)=CCCC1(C)C2CC3C(C2)C31C,stable
T2S0223,COc1ccc(-c2cc(=O)c3c(OC)cc(OC)c(OC)c3o2)cc1OC,stable
TN3378,CC1c2cnccc2CC1O,stable
T5263,O=C(O)C(O)c1ccc(O)cc1,stable
TCFN92880,COc1cc(O)c(C=O)c(O)c1C(C)=O,stable
TN4945,C=C(C)C1CCc2c(C)ccc3c2C1(O)C(=O)C(C(C)C)=C3,stable
TN2278,COc1cc(O)c2c(O)c(C(C)=O)c(C)cc2c1,unstable
NP-004961,COc1c2c(cc3oc(=O)ccc13)OC(C)(C)C=C2,stable
TN3716,COc1cc(OC)c2ccc(=O)oc2c1CC=C(C)C,stable
TBBP05653,COc1c(OC)c(O)c2c(=O)cc(-c3ccccc3)oc2c1O,stable
TN2047,COC1=C(OC)C(=O)C(C2COc3cc(O)ccc3C2)=CC1=O,stable
TN2611,C=CC(C)(O)CCC1C(=C)CCC2C(C)(C)CCCC12C,stable
TN1162,CCCCOC(=O)c1ccccc1C(=O)OCCCC,stable
T2888,COc1cc(C=Cc2ccc(O)cc2)cc(OC)c1,stable
TN1626,COc1cc(O)c2c(=O)cc(C)oc2c1,stable
STOCK1N-33103,O=c1cc(-c2ccc(O)cc2)oc2ccccc12,stable
TN2178,CC1(C)C=Cc2c(O)ccc(C3CC(=O)c4c(O)cc(O)cc4O3)c2O1,stable
T21095,NCc1ccc(O)cc1,stable
T12796,O=C1c2ccc(O)cc2OCC1c1ccc(O)cc1,stable
TN1138,COc1c2ccoc2nc2c(OC)cccc12,stable
T8189,COc1ccc2c(c1OC)CN1CCc3cc4c(cc3C1=C2)OCO4,stable
TBBP05637,COc1cc2oc(-c3ccc(O)cc3)c(O)c(=O)c2c(O)c1OC,stable
TN6876,COc1c(C)c(O)c(C=O)c2c1C(=O)C(Cc1ccc3c(c1)OCO3)CO2,stable
T7049,COc1ccc2ccc(=O)oc2c1,unstable
TBBP04492,COc1cc2c(oc3ccccc32)c(OC)c1O,stable
NP-013343,COc1c2c(cc3ccc(=O)oc13)C=CC(C)(C)O2,stable
TBBP05765,COc1cc(O)cc2ccc3cc(O)ccc3c12,stable
TN1048,COc1c2occc2c(OCC=C(C)C)c2ccc(=O)oc12,stable
TN1585,COc1cc(O)cc(CCc2ccccc2)c1,stable
STOCK1N-96396,CC(=O)c1cccc(O)c1,stable
TN1735,COc1ccc(-c2oc3cc(OC)c(OC)c(OC)c3c(=O)c2OC)cc1OC,stable
TBBP05928,O=Cc1ccc2[nH]c3ccccc3c2c1,stable
TN2906,COc1cc2c(=O)c3c(OC)cc(O)cc3oc2cc1O,stable
T5S1882,C=C1C2CC3(C1O)C1CC4C5(C)CCC(O)C4(C1N(CC)C5)C3CC2=O,stable
TN3016,COc1ccc(-c2coc3cc(OC)c(OC)cc3c2=O)cc1,stable
TN4725,COc1ccc2c(c1OC)c(=O)n(C)c1c3cc4c(cc3ccc21)OCO4,stable
T4S0797,COc1ccc2cc3[n+](cc2c1OC)CCc1cc2c(cc1-3)OCO2,stable
TN1333,COc1ccc(-c2coc3cc(OC)cc(O)c3c2=O)cc1,stable
T5548,CC1=CC(=O)C2CC1C2(C)C,stable
TN2524,CC(=O)c1nccc2c1[nH]c1ccccc12,stable
TN4604,COc1c2cc(c(O)c1OC)CCCCC(=O)CCc1ccc(O)c-2c1,stable
TN2268,CCCc1ccc(O)c(-c2cc(CCC)ccc2O)c1,stable
TN1904,C=CCc1cc(-c2cc(CC(O)CO)ccc2O)ccc1O,stable
T4484,O=c1c2cc(O)ccc2oc2cc3c(c(O)c12)OCO3,stable
STOCK1N-01941,O=C(O)C1Cc2c([nH]c3ccccc23)CN1,stable
T5S1607,CC(C)=CCc1c(-c2ccc(O)cc2O)oc2c3c(cc(O)c2c1=O)OC(C)(C)C=C3,stable
T8116,c1ccc2cccc-2cc1,stable
T19538,CC(O)CCO,stable
TN3152,COc1ccc2c(c1OC)C(CC(C)=O)N(C)c1c-2ccc2cc3c(cc12)OCO3,stable
PDK0327,COc1cc(C)cc(OC)c1O,stable
TN1092,COc1c(O)cc2c3c1-c1ccccc1CC3N(C)CC2,stable
TBBP05431,CC(=O)c1ccc(CO)cc1O,stable
T3862,COc1cc(-c2coc3cc(O)c(OC)c(O)c3c2=O)cc(O)c1OC,stable
TQ0296,COc1cc2c3c(c1OC)-c1ccccc1CC3NCC2,stable
TN2519,COc1ccc(O)c2c(=O)c3cc(O)ccc3oc12,stable
T3864,COc1ccc(CCc2cc(OC)c(OC)c(OC)c2)cc1O,stable
T2816,O=c1cc(-c2ccccc2)oc2c(O)c(O)ccc12,stable
TN2182,COC(=O)C1=COC2OC3CC1C2C(C)O3,stable
TCFN95194,COc1cc(-c2oc3cc(O)c(OC)c(O)c3c(=O)c2O)ccc1O,stable
TN3457,COc1cc(CCc2cccc(O)c2)cc(O)c1Cc1ccc(O)cc1,stable
T5S1262,Cc1c(O)c(C)c2c(c1O)C(=O)C(Cc1ccc3c(c1)OCO3)CO2,stable
TN1209,COc1c(O)ccc2c1C(=O)c1ccccc1C2=O,stable
TN1408,COc1cc(OC)c(OC)cc1C=O,stable
TN4223,COc1ccc2c(c1)OC1c3ccc(OC)cc3OCC21,stable
STOCK1N-39084,Cc1oc2cc(O)ccc2c(=O)c1-c1ccccc1,stable
TBBP03127,COC1(OC)COc2cc(O)ccc2-c2cc(O)c(O)cc2C1,stable
TCFN92734,COC1=CC(=O)c2cc(C)cc(-c3c(OC)cc(OC)c4ccc(=O)oc34)c2C1=O,stable
TN7021,COc1cc2oc(=O)ccc2c(OC)c1CC(O)C(C)(C)O,stable
TJS1779,O=C1COc2cc(O)ccc2-c2cc(O)c(O)cc2C1,stable
TN5070,Cc1c(O)cc(CCc2ccccc2)cc1O,stable
AC-542/20643019,COc1c2cc3c(cc2nc2occc12)OCO3,stable
STOCK1N-03397,Cn1c(-c2ccccc2)cc(=O)c2ccccc21,stable
TBBP00211,CC1(C)C=Cc2c(cc3occ(-c4ccc(O)cc4)c(=O)c3c2O)O1,stable
TN1266,COc1c(-c2ccc(O)c(O)c2)oc2cc(O)cc(O)c2c1=O,stable
TN4664,COc1cc2c(cc1OC)C(Cc1ccc(O)cc1)NCC2,stable
T25562,COc1c2c(c(-c3ccc4c(c3)OCO4)c3cc4c(cc13)OCO4)COC2=O,stable
TQ0119,COc1cc2oc(-c3ccc(O)cc3)cc(=O)c2c(O)c1OC,stable
TCFN70138,CN1C2CCCC1CC(=O)C2,stable
TN1817,COc1ccc(-c2oc3cc(OC)cc(O)c3c(=O)c2OC)cc1,stable
TN4342,COc1cc(O)c2c(=O)c(O)c(-c3ccccc3)oc2c1,stable
TL0015,O=c1ccocc1O,stable
NP-024781,CC#Cc1ccc(-c2ccc(C(=O)O)s2)s1,stable
TCFN92617,CC(=O)CCC1=CCC(=C(C)C)C(=O)CC1C,stable
TN4422,COc1ccc2c(c1)-c1c3c(cc4ccnc(c14)C2=O)OCO3,stable
TN1775,CC1COC2=C1C(=O)c1ccc3c(c1C2=O)CCCC3(C)C,stable
T4799,c1ccc2[nH]ccc2c1,stable
STOCK1N-66550,O=C(O)CCCCCCCCCCCc1ccccc1,stable
T3876,COc1cc(OC)c(CCC(=O)c2ccc(O)cc2)c(OC)c1,stable
TN1361,Oc1ccc(C2Oc3cc(O)cc(O)c3CC2O)cc1,stable
T5758,COc1cc2ccc(=O)oc2c2ccoc12,stable
T3S1068,Oc1cc(O)cc(C=Cc2ccc(O)cc2O)c1,stable
TN2345,COc1cc(O)cc(O)c1CCC(=O)c1ccc(O)cc1,stable
T4036,CC1CCC2(NC1)OC1CC3C4CC=C5CC(O)CCC5(C)C4CCC3(C)C1C2C,stable
TN2100,COc1ccc(-c2coc3cc(O)cc(O)c3c2=O)cc1O,stable
TN4043,CC(C)=CCc1c(O)ccc(-c2coc3cc(O)ccc3c2=O)c1O,stable
T7792,O=c1cc(O)cc(C=Cc2ccc(O)c(O)c2)o1,stable
T3923,COc1ccc(-c2coc3cc(O)ccc3c2=O)cc1O,stable
TN1860,CC(C)=CCc1cc(-c2cc(=O)c3cc(CC=C(C)C)c(O)cc3o2)ccc1O,stable
TN4508,COc1cc2oc(=O)ccc2cc1-c1c(OC)ccc2ccc(=O)oc12,stable
TN5800,C=CC(C1=CC(=O)C(OC)=CC1=O)c1ccccc1,stable
TN2652,CCC1CN2CCc3c([nH]c4ccccc34)C2CC1C(CO)C(=O)OC,stable
NP-003469,Cc1cc2c(c(O)c1C(=O)O)C(=O)c1c(O)cc(O)cc1C2=O,unstable
T2847,O=C1C(=C2Nc3ccccc3C2=O)Nc2ccccc21,stable
TQ0160,COc1ccc2c(c1OC)C(=O)OC2C1c2cc3c(cc2CCN1C)OCO3,stable
Fr12339,COc1ccc(CCC(C)=O)cc1,unstable
T5S1959,c1cc2c(cc1C1OCC3C(c4ccc5c(c4)OCO5)OCC13)OCO2,stable
TN1173,O=c1c2cccc(O)c2nc2n1CCc1c-2[nH]c2ccccc12,stable
TBBP06564,O=C(C=Cc1ccc(O)cc1)OCCc1ccc(O)cc1,stable
TN2419,COc1cc2c(c(O)c1OC)-c1c(cc3c(c1OC)OCO3)CC(C)C(C)C2,stable
TBBP03518,CC(C)COC(=O)c1ccccc1C(=O)OCC(C)C,stable
TCFN70401,O=C(CCc1ccccc1)c1ccc(O)cc1O,stable
TCFN91680,COc1cc(O)cc(O)c1C(=O)CCc1ccc(O)cc1,stable
T3A2467,COc1ccc2c(c1OC)CN(C)CCc1cc3c(cc1C(=O)C2)OCO3,stable
T5590,COc1ccc(CC(=O)O)cc1,stable
TN1862,CC(C)=CCc1c(O)cc2oc(-c3ccc(O)cc3)c(O)c(=O)c2c1O,stable
TN4219,CC(C)CC(=O)OCc1cocc2c(C=O)ccc1-2,stable
AM-331/20711033,COc1cc2c(c3c1c(=O)c1ccccc1n3C)C=CC(C)(C)O2,stable
NP-004966,C=CC(C)(C)c1cc2c(O)c3c(c(C(C)(C)C=C)c2oc1=O)OC(C)(C)C=C3,stable
TN3884,COc1c(-c2ccc(O)c(CCC(C)CO)c2)oc2cc(O)cc(O)c2c1=O,stable
TN2002,C=CCc1ccc(Oc2cc(CC=C)cc(O)c2O)cc1,stable
TN4295,C=C(C)C(O)COc1c2occc2cc2ccc(=O)oc12,stable
NP-001582,COc1cc(O)c2c(c1)OC(c1ccc(O)cc1)C(O)C2=O,stable
TCFN91577,COc1cc(O)c2c(c1)C(=O)c1cc(CO)cc(O)c1C2=O,stable
TBBP03549,COc1cc2oc(-c3ccc(O)c(O)c3)cc(=O)c2c(O)c1OC,stable
TN7025,C=Cc1cc(OC)c(O)c(OC)c1,stable
TN2014,Cc1c(O)c(C=O)c2c(c1O)C(=O)C(Cc1ccc3c(c1)OCO3)CO2,stable
TCFN92334,CN1CCc2cc3c(cc2C1=O)OCO3,stable
T2950,COc1cc2c(c(OC)c1OC)-c1c(cc(OC)c(OC)c1OC)CC(C)(O)C(C)C2,stable
T19886,COc1cc(-c2cc(=O)c3c(O)c(OC)c(OC)cc3o2)ccc1O,stable
TN2159,COc1c2ccoc2nc2c(O)cccc12,stable
TCS2336,C=C(C)C(O)COc1ccc2c(OC)c3ccoc3nc2c1OC,stable
TN4236,COc1c(O)ccc2ccc(=O)oc12,stable
TN5864,Cc1ccc(C(C)C)c(OC(=O)C(C)C)c1,stable
TCFN92920,COc1ccc2c(c1)C(=O)c1c(OC)c(OC)cc3ccnc-2c13,stable
TN1954,COc1cc(O)cc2ccc3cccc(O)c3c12,stable
TN3320,COc1cc2c(oc3cccc(O)c32)c(OC)c1O,stable
TN3151,COc1c(O)ccc2c1C(CC(C)=O)N(C)c1c-2ccc2cc3c(cc12)OCO3,stable
TN4098,COc1cc2oc(-c3ccc(O)cc3O)cc2c(OC)c1CC=C(C)C,stable
TN5254,CC(C)=CCc1c(O)cc2occ(-c3ccc(O)cc3)c(=O)c2c1O,stable
T8080,CCCCC(C)C(=O)O,stable
TN5189,COc1cc(CCc2cc(O)cc(O)c2)ccc1O,stable
T6S0735,COc1cc(O)c(C(=O)C=Cc2ccccc2)c(OC)c1,stable
AK-693/21124016,CC1(C)CC(=O)c2c(cc3oc(=O)ccc3c2O)O1,stable
T4516,C=CC1CN2CCc3c([nH]c4ccccc34)C2CC1C(CO)C(=O)OC,stable
TN3119,COc1cc(O)c2c(c1OC)OC(c1ccccc1)CC2=O,stable
T14317,CC(C)=CC(=O)CC(C)c1ccc(C)cc1,stable
TBBP06045,CC1(C)C=Cc2c(cc3oc(CO)cc(=O)c3c2O)O1,stable
STOCK1N-25536,O=c1ccoc2ccccc12,stable
TN1271,COc1ccc(-c2cc(=O)c3c(OC)c(OC)c(OC)cc3o2)cc1,stable
TBBP01015,COc1cc2c3c(cc4ccccc4c3c1OC)NC(=O)C2=O,stable
T25775,CC1=C2OCC(C)c3ccc(C)c(c32)C(=O)C1=O,stable
TN1927,CCC(=O)c1cc2c(cc1OC)OCO2,stable
T7634,O=C(O)C(O)c1cccc(O)c1,stable
TN1091,COc1cc2c3c(cc4ccccc4c3c1OC)N(C)CC2,stable
NP-007300,COc1cc(OC)c2c(c1CC=C(C)C)OC(c1ccccc1)CC2=O,stable
T4024,c1ccc2c(c1)[nH]c1cnccc12,stable
TN1254,COc1cc(-c2coc3cc(O)ccc3c2=O)ccc1O,stable
AE-562/40407218,C=CCN1CCC23c4c5ccc(O)c4OC2C(=O)CCC3(O)C1C5,stable
TBBP06242,CC(=O)c1c(O)cc(O)c(CC=C(C)C)c1O,stable
TN1537,CC(=O)CCC1C2CC(=C(C)C)C(=O)CC12C,stable
TN6802,COC(CCc1ccccc1)CC(=O)CCc1ccccc1,stable
NP-021090,COc1ccc(C2Oc3cc(OC)cc(OC)c3C(=O)C2O)cc1,stable
NP-016508,CC(C)=CCc1c2c(c(O)c3c(=O)c(-c4ccc(O)cc4O)coc13)C=CC(C)(C)O2,stable
TBBP06350,CC(C)=CCc1c(-c2coc3cc(O)cc(O)c3c2=O)cc2c(c1O)OC(C)(C)C=C2,stable
TN1265,COc1cc(-c2coc3cc(O)cc(O)c3c2=O)ccc1O,stable
TBBP05955,COc1c(-c2ccc(O)c(O)c2)oc2cc(O)cc(OC)c2c1=O,stable
T3S2259,C=CCc1ccc(OC)c(OC)c1,stable
T3152,Cc1nccc2c1[nH]c1cc(O)ccc12,stable
STOCK1N-76929,COc1ccc(CCN)cc1,stable
TN7033,COc1cc(O)cc(CCc2ccc(O)c(OC)c2)c1,stable
AK-693/40962743,COc1ccc2c(=O)c(OC)c(-c3ccc4c(c3)OCO4)oc2c1,stable
TBBP06053,COc1cc2c(c3oc(C)cc(=O)c13)C=CC(C)(C)O2,stable
T4S1452,C=C(C(=O)O)C1CCC(C)C2CCC(C)=CC12,stable
TN1039,COc1ccc(-c2oc3cc(O)cc(O)c3c(=O)c2O)cc1O,stable
TNP-004428,C=C(C)C1CC(=O)C(C)=C2CC(=O)C(C)=C2C1,stable
TN1980,CC(CO)C1=C(O)C(=O)c2c(ccc3c2CCCC3(C)C)C1=O,stable
NP-007916,Cc1cc(O)cc(O)c1C,stable
NP-023823,COc1ccc(-c2oc3c(OC)c(OC)c(OC)c(OC)c3c(=O)c2OC)cc1,stable
TN4151,COc1c(CC=C(C)C)c(O)cc2c1-c1oc3cc(O)ccc3c1CO2,stable
TBBP06517,CC(C)c1cc2ccc3c(c2c(O)c1O)C(=O)CCC3(C)C,stable
T8810,CC(C)(C)NCC(O)c1cc(O)cc(O)c1,stable
TN2904,CC1(C)CC2C1CCC1(C)CC2(O)CCC1O,stable
T2S2109,COc1ccc2c(OC)c3ccoc3nc2c1OC,stable
TBBP01342,CC(C)=CCc1cc(-c2coc3cc(O)cc(O)c3c2=O)ccc1O,stable
T5747,COc1cc2occc2c2oc(=O)ccc12,stable
T4952,CCC1(O)C(=O)OCc2c1cc1n(c2=O)Cc2cc3cc(O)ccc3nc2-1,stable
TN1834,COc1ccc(C2OCC3C(c4ccc5c(c4)OCO5)OCC23)cc1OC,stable
TN1578,COc1cc(CCCO)ccc1O,stable
TCFN92399,O=c1c2cccc(O)c2oc2cc(O)cc(O)c12,stable
T5620,CC12CCC(C1)C(C)(C)C2O,stable
TN1291,COc1cc(O)c2c(=O)cc(-c3ccc(OC)c(OC)c3)oc2c1,stable
NP-003433,CC(C)=CCc1ccc(Oc2c(O)cc(C)cc2CO)c(C(=O)O)c1O,stable
TN2489,CC(C)=CCc1c(O)cc2oc3ccc(O)cc3c(=O)c2c1O,stable
TN5137,COc1ccc(-c2oc3cc(OC)cc(OC)c3c(=O)c2OC)cc1,stable
TN4471,COc1cc2ccnc3c2c(c1OC)-c1ccccc1C3=O,stable
TN1100,CC(=O)c1c(C)cc2cccc(O)c2c1O,stable
TN3878,Cc1cc(O)cc2oc(CC(C)O)cc(=O)c12,stable
TN2542,O=c1ccc2ncc(O)c3c4ccccc4n1c23,stable
NP-018735,CC1(C)C=Cc2cc3c(cc2O1)OC1c2ccc(O)cc2OCC31O,stable
TN5795,CC1=CC(=O)c2ccc(C)cc2C1=O,stable
TN1952,CC1(C)Oc2cc3oc(-c4cc(O)cc(O)c4)cc3cc2CC1O,stable
TQ0201,COc1c(O)cc2oc(-c3ccc(O)cc3)cc(=O)c2c1O,stable
TCFN92569,COc1ccc2c(c1O)C(=O)c1ccccc1C2=O,stable
TBBP01007,CC1(C)C=Cc2c(cc3oc(-c4ccc(O)cc4)cc(=O)c3c2O)O1,stable
TCFN91900,CC1(C)CCc2c(c(O)cc3oc4cc(O)cc(O)c4c(=O)c23)O1,stable
TN4519,COc1cc(O)c2c(=O)c3cccc(O)c3oc2c1,stable
TCFN92747,COC(=O)CCc1nccc2c1[nH]c1ccccc12,stable
TN4110,O=C1c2ccc(O)cc2OC(c2ccc(O)cc2)C1O,stable
T0572,COC(=O)c1cc(OC)c(OC)c(OC)c1,stable
TN5928,C=CCc1cc(OC)c(OC)cc1OC,stable
TN1504,O=C1c2cc(O)cc(O)c2C(=O)c2c(O)cc(CO)cc21,stable
TN6860,COc1cc(OC)c2ccc(=O)oc2c1CC(O)C(C)(C)O,stable
TN4179,COc1c(O)ccc(C2=Cc3ccc(O)cc3OC2)c1OC,stable
TN1474,COn1cc(CC#N)c2ccccc21,stable
T19924,CC(O)CCc1ccc(O)cc1,stable
TCFN70014,CCCC(=O)OCCC(C)C,stable
TN4941,CC(C)=CCCC1(C)C=Cc2c(ccc(C3CC(=O)c4c(O)cc(O)cc4O3)c2O)O1,stable
T3950,CCCCCCCCCCCCC(=O)O,stable
TCFN70374,COc1c(OC)c(O)c2c(=O)c(OC)c(-c3ccc(O)cc3)oc2c1OC,stable
NP-011914,Cc1oc(=O)c2c(O)cc(O)cc2c1CO,stable
TN1987,COc1c(C(C)C)cc(O)c2c1CCC1C3=C(CCC21C)C(=O)OC3,stable
T6S0095,COc1cc(O)c2c(=O)cc(-c3ccc(O)cc3)oc2c1,stable
T3746,COC(=O)c1ccccc1C(=O)OC,stable
T31767,CC(=O)OC1C2(C)CCC(C2)C1(C)C,unstable
T3S1707,COc1cc(CCc2cc(OC)c(O)c(OC)c2)ccc1O,stable
T6S0071,CC1=C2C(=O)OC(c3ccoc3)C2(C)CCC1,stable
TN1892,COc1cc(O)c2c(c1)CCc1cc(O)ccc1-2,stable
NP-003163,COc1cc(-c2cc(=O)c3c(O)c(OC)c(OC)c(OC)c3o2)ccc1O,stable
NP-023318,COc1cc(O)ccc1C(C)=O,unstable
TN6967,COc1ccc(C2COc3cc(O)ccc3C2)c(O)c1OC,stable
T3717,CC(C)c1cccc(O)c(=O)c1,stable
STOCK1N-66483,CCC(=O)c1ccc(O)c(OC)c1,stable
TN1582,COC(=O)c1c2c(c3ccccc3c1O)OC(C)(C)CC2,stable
TBBP05596,CCCC(O)CC(=O)CCc1ccc(O)c(OC)c1,stable
T7452,COc1ccccc1C=CC=O,stable
TN2121,COc1cc(OC)c2c(=O)c(OC)c(-c3ccc(OC)c(OC)c3)oc2c1,stable
T15349,COc1cc2ccc(=O)oc2c(O)c1OC,stable
TN1068,COc1cc(-c2cc(=O)c3c(O)cc(O)cc3o2)cc(OC)c1O,stable
T13740,Cc1coc2c1C(=O)c1ccc3c(c1C2=O)CCCC3(C)C,stable
TN3744,CC(C)=CC1Oc2cc(O)ccc2-c2oc3c4c(cc(O)c3c(=O)c21)OC(C)(C)C=C4,stable
TN2385,CC#CC#Cc1ccc(C#CC(O)CCl)s1,stable
NP-006544,COc1c(OC)c(O)c2c(=O)cc(-c3ccc(O)cc3)oc2c1OC,stable
TBBP03359,COc1cccc2c3c(c(=O)n(C)c12)C=CC(C)(C)O3,stable
TN6975,O=Cc1ccc(COCc2ccc(C=O)o2)o1,stable
TN1653,O=C1c2ccc(O)cc2OC(c2ccc(O)c(O)c2)C1O,stable
TN3606,COc1cc2c(cc1O)CC1NCCc3c(OC)c4c(c-2c31)OCO4,stable
T20238,c1ccc2c(c1)oc1ccccc12,stable
TBBP01305,COC(=O)c1c(C)cc(O)cc1O,stable
TN1730,CC(C)(O)C(O)COc1c2occc2cc2ccc(=O)oc12,stable
NP-024230,COc1cc2nccc3c4ccccc4n(c1=O)c23,stable
T8290,COc1c(O)cc(C(=O)O)cc1O,stable
TN3930,COc1cc2c(cc1C(C)=O)C=CC(C)(C)O2,unstable
TN4650,CC(C)=CCc1cc(C(=O)O)cc(CC=C(C)C)c1O,stable
TN3825,O=Cc1cc(O)c2[nH]c3ccccc3c2c1,stable
TN1161,COc1ccc2oc3cc(OC)c(OC)c(OC)c3c(=O)c2c1,stable
T2731,CC(=O)c1c(O)c(C)c(O)c2c1OC1=CC(=O)C(C(C)=O)C(=O)C12C,stable
TBBP00993,COc1cc2c(cc1O)CC1c3c(cc(OC)c(OC)c3-2)CCN1C,stable
TN3307,COc1cc2c3ccnc4ccc(=O)n(c2cc1OC)c43,stable
TC0028,CC(=O)OC1c2c(ccc3ccc(=O)oc23)OC(C)(C)C1OC(=O)CC(C)C,stable
TN2078,O=C(C=Cc1ccccc1)c1c(O)cc(O)cc1O,stable
TN4644,O=c1cccc2n1CC1CCCN3CCCC2C13,stable
STOCK1N-77034,COc1cccc(C(=O)O)c1O,stable
T4593,COc1c2ccoc2c(OC)c2oc(=O)ccc12,stable
T5868,COC(=O)c1c[nH]c2ccccc12,stable
NP-009069,COc1cc(C)cc2c1[nH]c1ccccc12,stable
T2S0491,CC=Cc1ccc(OC(C)=O)c(OC)c1,unstable
NP-022923,C=CC(C)(C)c1c(O)c2c(c3ccc(=O)oc13)OC(C)(C)C=C2,stable
TN2157,COc1cccc(O)c1-c1cc(=O)c2c(O)cc(OC)c(OC)c2o1,stable
T21173,CCc1cccc(C=O)c1,stable
TCFN95383,COC(=O)c1ccc(OC)c(OC)c1O,stable
TN1393,c1ccc2c(c1)CC1NCCc3cc4c(c-2c31)OCO4,stable
TNP-004772,COc1ccc2c(c1OC)C(=O)c1nccc3cc4c(c-2c13)OCO4,stable
TBBP05834,COc1cc(O)c2c(=O)c3cccc(O)c3n(C)c2c1CC=C(C)C,stable
TCFN00022,CN(C)CCS(=O)(=O)O,stable
T5759,CC(C)(O)C1Cc2cc3ccc(=O)oc3cc2O1,stable
TN2683,O=c1cc(CCc2ccccc2)oc2ccccc12,stable
T8248,O=c1c(O)c(-c2ccccc2)oc2cc(O)ccc12,stable
T3673,COC(=O)c1c2c(c3ccccc3c1O)OC(C)(C)C=C2,stable
TN3899,COC12CC34CCCN3CC(O1)c1cc3c(cc1C4C2O)OCO3,stable
TCFN92984,COC(=O)c1ccc(OC)c(O)c1,stable
TBBP06448,COc1cc2c(cc1O)c(=O)n1ccc3cccc2c31,stable
T3362,COc1ccc(-c2cc(=O)c3c(O)c(OC)c(O)cc3o2)cc1OC,stable
TN5747,COc1cc(O)c(C(C)=O)c(O)c1C,unstable
T6S0325,COc1cc2c(=O)c(-c3ccc(O)cc3)coc2cc1O,stable
T2S2363,COc1cc2c3c(c1O)-c1c(ccc(OC)c1OC)CC3N(C)CC2,stable
T7442,CC(C)c1ccc(CO)cc1,stable
NP-004428,COc1ccc(C(C)C(=O)c2ccc(O)cc2O)cc1,stable
T3403,CC1(C)C=Cc2c(ccc3c2OCC(c2ccc(O)cc2O)C3)O1,stable
TJS0328,O=c1cc(-c2ccccc2)c2cc(O)c(O)cc2o1,stable
TN2019,O=c1c(-c2ccc(O)c(O)c2)coc2cc(O)cc(O)c12,stable
TN5853,CC(C)=CC(=O)c1occc1C,stable
NP-024290,COc1cc(CCc2cccc(O)c2)cc(O)c1OC,stable
TN3469,COc1cc(-c2ccccc2)cc(OC)c1O,stable
TN3000,COc1ccc(C(=O)C=Cc2ccc(O)cc2)c(O)c1,stable
T4088,CC1=CC(=O)C(C(C)C)=CC1=O,stable
T5746,COc1c2ccccc2nc2occc12,stable
T4010,O=C1C=CC(=O)c2c(O)cccc21,stable
TN6728,COc1cccc2c1C(=O)c1c(O)cc(C)cc1C2=O,unstable
TN3537,COc1cc2ccc(=O)oc2c2c1OC(C)(C)C=C2,stable
NP-022453,O=c1cc(Oc2ccc(O)cc2)oc2cc(O)cc(O)c12,stable
TN4316,CC1(C)CCc2c(c(O)cc3oc4cc(O)c5c(c4c(=O)c23)OC(C)(C)CC5)O1,stable
TMA2563,COc1cc2oc(-c3ccc(O)c(O)c3)cc(=O)c2c(O)c1O,stable
TN1681,C=Cc1cncc2c1CCOC2=O,stable
T2S2215,COc1ccc2c(c1OC)CC1c3c(cc4c(c3-2)OCO4)CCN1C,stable
TN5191,COc1ccc(C2CC(=O)c3c(OC)cc(O)cc3O2)cc1,stable
T8516,CC(C)=CCCC(C)(O)C1CC=C(C)CC1,stable
TN1861,CC(C)=CCc1c(O)cc(O)c2c(=O)cc(-c3ccc(O)cc3)oc12,stable
TN1550,Cc1cccc2c3c(ccc12)C(=O)C(C(C)CO)=C(O)C3=O,stable
T33508,COc1cc(OC)c2c(=O)c(OC)c(-c3ccccc3)oc2c1,stable
TN4099,COc1ccc(-c2coc3c(CC=C(C)C)c(O)cc(O)c3c2=O)cc1,stable
T5S0229,COc1ccc(C2CC(=O)c3c(O)cc(O)cc3O2)cc1,stable
T8296,COc1ccc(-c2cc(=O)c3c(OC)cc(OC)cc3o2)cc1,stable
TCFN91926,COc1c2cc(c(O)c1OC)CCCCC(=O)C(O)Cc1ccc(O)c-2c1,stable
T3381,COc1ccc(-c2cc(=O)c3c(O)c(OC)c(O)c(OC)c3o2)cc1,stable
NP-013039,COc1cc(O)c(C(=O)CCc2ccccc2)c(O)c1,stable
T6S0078,CC(C)(O)C(O)COc1c2ccoc2cc2oc(=O)ccc12,stable
TN6990,CC1=CCC(C(C)C)C=C1,stable
TN1307,O=c1cc(CCc2ccccc2)oc2ccc(O)cc12,stable
TCFN70429,COc1cc(C(C)C)ccc1C,stable
T2S0531,COc1ccc(C2OCC3C(c4ccc(OC)c(OC)c4)OCC23)cc1OC,stable
TN1126,COc1cc(O)c2c(c1)OC(c1ccc(O)cc1)CC2=O,stable
STOCK1N-13449,Cc1c(O)occc1=O,stable
TN3014,C=C(C(=O)O)C1CCC(C)C2CCC3(C)OC3C12,stable
T5S0543,C=C1CC2(O)OC3(CC2=C(C)C)C(C)CCC13,stable
TN4435,COc1c2c(cc3oc(=O)c(-c4ccc(O)cc4O)cc13)OC(C)(CO)CC2,stable
TBBP06370,O=C(CC(O)CCc1ccccc1)c1ccc(O)cc1,stable
TN1213,O=C1c2ccccc2C(=O)c2cc(CO)ccc21,stable
T3S0626,C=C1C2CCC3(C1O)C1CC4C5(C)CCCC4(C1N(CC)C5)C3C2O,stable
T2853,C=C1CC2(O)OC3(CC2C(C)C)C(C)CCC13,stable
TCFN92382,COc1c(O)cc(O)c2c(=O)c(O)c(-c3ccc(O)cc3)oc12,stable
TBBP05890,COc1cc2c(cc1O)[nH]c1c3c(c(C)cc12)OC(C)(C)C=C3,stable
NP-003808,CC(C)=CCCC(C)=CCc1cc2ccc(=O)oc2cc1O,unstable
TCFN95388,COc1ccc(C2COc3cc(O)ccc3C2=O)c(OC)c1,stable
T8152,COc1ccc(-c2cc(=O)c3c(OC)cc(OC)c(OC)c3o2)cc1,stable
TN4265,COc1cc(O)c(Cc2ccc(O)cc2)c(CCc2cccc(O)c2)c1,stable
TN3861,Oc1cc(O)cc(CCc2ccccc2)c1,stable
N094-0016,COc1c2c(nc3ccccc13)OC(C(C)(O)CO)C2,stable
TN1898,CC1CC2CC(=O)C3CCCN4CCCC2(O)C34C1,stable
TN2132,O=C1c2ccccc2C(=O)c2c(O)ccc(O)c21,stable
NP-013344,COc1c2c(c(OC)c3oc(=O)ccc13)OC(C)(C)C=C2,stable
T5714,COc1ccc(-c2cc(=O)c3c(O)c(OC)c(OC)c(OC)c3o2)cc1OC,stable
STOCK1N-36235,COc1cc(C)c(C(=O)Oc2cc(C)c(C(=O)O)c(O)c2C)c(O)c1C,unstable
TN1418,COc1cc(O)cc2oc(-c3ccc(O)c(O)c3)c(O)c(=O)c12,stable
T0439,NC(Cc1c[nH]c2ccccc12)C(=O)O,stable
T19866,OCC1OC(Oc2c[nH]c3ccccc23)C(O)C(O)C1O,stable
T3814,COc1cc(C=Cc2cc(O)cc(O)c2)ccc1O,stable
TN2980,O=C(CCc1ccccc1)n1cccc1,stable
TN4031,C=C(C)C1CCC2(C)CC(=O)C=C(C)C2C1,stable
TN3713,COc1cc(O)c2c(=O)cc(-c3cc(OC)c(OC)c(OC)c3)oc2c1,stable
TN1683,COc1cc(O)c2c(=O)c3cc(O)ccc3oc2c1,stable
TCFN92169,CC(C)=CCCc1c(C)ccc2c1C(=O)C(=O)C(C(C)C)=C2,stable
AC-776/25122008,COc1ccc(C(=O)C=Cc2ccccc2)c(O)c1,stable
TN1493,COc1cc2oc(-c3ccc(O)c(O)c3)c(OC)c(=O)c2c(O)c1OC,stable
TCFN90091,O=C1CCc2ccccc21,stable
T3816,COc1cc(O)c2c(=O)cc(-c3ccc(O)c(OC)c3)oc2c1,stable
TN1461,O=C1CC(c2ccc(O)c(O)c2)Oc2cc(O)ccc21,stable
NP-020297,Oc1ccc(CCc2cccc(O)c2)cc1,stable
NP-021189,COc1cc(C2OC(c3cc(OC)c(O)c(OC)c3)C(CO)C2CO)cc(OC)c1O,stable
NP-016467,COc1c(CC=C(C)C)c(O)cc2oc(-c3ccc(O)cc3O)cc12,stable
T20402,C=CCc1cc(OC)c2c(c1OC)OCO2,stable
NP-016400,CC1(C)C=Cc2c(cc3occ(-c4ccc(O)cc4O)c(=O)c3c2O)O1,stable
TN3818,COc1cc(O)c2c(=O)cc(Oc3ccc(O)cc3)oc2c1,stable
T11683,COc1c2c(cc3oc(=O)c(-c4ccc(O)cc4O)cc13)OC(C)(C)CC2,stable
TN2775,COC1=CC(=O)c2c(cc(C)c(C(C)=O)c2O)C1=O,unstable
T4S0227,COc1ccc(-c2cc(=O)c3c(OC)c(OC)c(OC)cc3o2)cc1OC,stable
NP-022012,O=C(O)CCCCCCCO,stable
T2819,COC(=O)C=Cc1ccc(O)cc1,stable
TBBP05769,COc1cc2oc(=O)ccc2c(OC)c1CC1OC1(C)C,stable
NP-001097,CC(=O)c1c(O)cc(O)cc1CC(=O)O,stable
T2992,O=C1CC(c2ccccc2)Oc2cc(O)cc(O)c21,stable
TN5145,COc1cc(C(O)C(O)CO)ccc1O,stable
T0047,COc1cc2c(cc1OC)C13CCN4CC5=CCOC6CC(=O)N2C1C6C5CC43,stable
TBBP06521,CC(C)C1=CC(=O)c2c(ccc3c2CCCC3(C)C)C1=O,stable
T13476,C=CC1(C)CCC(C(=C)C)CC1C(=C)C,stable
TN6998,C=C1C(=O)OC2C3C(CO)=CC(=O)C3=C(C)CC(O)C12,stable
TN4268,C=C1CCC2C(C)(O)CCC(C(C)C)C2(O)C1,stable
TN2485,CC1=CCCc2c1ccc1c2C(=O)C(=O)c2c(C)coc2-1,stable
T8251,CC1(C)C2CCC(CO)C1C2,stable
TN6762,Cc1ccc(C2(C)CCCC2(C)C)cc1,stable
TN2041,C=C(C)C(O)COc1c2ccoc2cc2oc(=O)ccc12,stable
TN1045,COc1cc(O)c2c(=O)c3c(O)c(OC)ccc3oc2c1,stable
TN5435,COc1cc(OC)c(C2C(C)C(C)C2c2cc(OC)c(OC)cc2OC)cc1OC,stable
TN2190,COc1cc2c(cc1O)C1Cc3ccc(OC)c(O)c3CN1CC2,stable
T4765,CCCCC(N)C(=O)O,stable
TN6984,COc1c(O)cc2ccc3cc(O)ccc3c2c1OC,stable
TBBP04495,COc1cc2c(c(O)c1OC)c(=O)c1ccccc1n2C,stable
T5604,CC(=O)CC(C)C,stable
T8190,O=c1cc(-c2ccccc2)oc2cccc(O)c12,stable
TBBP02163,Cc1cc2c(c(C)c1CCO)C(=O)C(C)(C)C2,stable
TN5165,CC1(C)Oc2ccc3ccc(=O)oc3c2C(O)C1O,stable
T5776,COc1c(OC)c2occc2c2oc(=O)ccc12,stable
TCFN91649,C=C(C)C1CCC(C)CC1=O,stable
TBBP00095,CCc1ncc(OC)c2c1[nH]c1ccccc12,stable
T6S0525,Cc1c(O)c(C)c2c(c1O)C(=O)CC(c1ccc(O)cc1)O2,stable
TJS1159,COc1cc(-c2oc3cc(OC)c(OC)c(O)c3c(=O)c2OC)ccc1O,stable
TCFN92993,CCCCCc1cc(O)c2c(c1)OC(C)(C)c1ccc(C)cc1-2,unstable
T4705,NC(CCCC(=O)O)C(=O)O,stable
TN1088,COc1ccc(-c2oc3c(OC)c(OC)c(OC)c(OC)c3c(=O)c2OC)cc1OC,stable
TN1250,COc1cc2c(cc1OC)C13CC(OC)C=CC14OC4CN3CCC2,stable
STOCK1N-00670,C=CCc1ccc(OC)c(O)c1,stable
TN6878,Cc1cc(=O)c2c(O)c3c(cc2o1)OC(C(C)(O)CO)C3,stable
T4241,Cc1c(O)cc2c(c1O)C(=O)c1ccccc1C2=O,stable
TBBP06397,COc1c2c(cc3c1OCO3)C13C=CC(O)CC1N(CC3)C2,stable
STOCK1N-93472,COC1=CC=C2C3Cc4ccc(OC)c5c4C2(CCN3C)C1O5,stable
T5S2017,CC1=CC23C(=O)C(C=C(CO)C(O)C2(O)C1O)C1C(CC3C)C1(C)C,stable
TBBP04342,CC(C)C1CCC2(C)C3CC=C(CO)C2C13,stable
TCS1709,CC(=O)CCc1ccccc1,stable
TN2762,O=C1c2ccccc2C(=O)c2cc(CO)c(O)cc21,stable
TN3836,CC1=CC(=O)C2=C(C)CC(O)C3C(C)C(=O)OC3C12,stable
TN1023,CC(C)C1=Cc2ccc3c(c2C(=O)C1=O)CCCC3(C)C,stable
TN4327,COc1ccc(C2COc3cc(OC)ccc3C2)c(O)c1,stable
STOCK1N-05713,COc1ccc(-c2coc3cc(OC)cc(OC)c3c2=O)cc1,stable
NP-005012,CC(=O)c1ccc(O)c(CC=C(C)C)c1,stable
STOCK1N-74099,C=C(C)C1CCC(C)C(=O)C1,stable
TN1786,COc1ccc2ccc(=O)oc2c1CC(=O)C(C)C,stable
NP-004610,Cc1cc(OC(=O)c2c(C)cc(O)cc2O)cc(O)c1C(=O)O,stable
NP-005230,CC(C)=CCc1c(O)cc(O)c2c1OC(c1ccc(O)cc1)C(O)C2=O,stable
TCFN70404,C=C1C(OC(C)=O)CC2(C(C)C)CC12,unstable
TN3809,C=Cc1c(C)c(O)cc2ccc3c(C)c(O)ccc3c12,stable
T2984,COc1cc2ccc(=O)oc2cc1O,stable
T2995,Cc1cc(O)c2c(c1)C(=O)c1cccc(O)c1C2=O,stable
T8379,O=C(O)C=C(CC(=O)O)C(=O)O,stable
TBBP05676,CCCC(O)CC(O)CCc1ccc(O)c(OC)c1,stable
TN1054,COc1cc(O)ccc1CCC(=O)c1ccc(O)cc1,stable
T7224,c1cncc(C2CCCCN2)c1,stable
TMA0588,COc1cc(OC)c(C(C)=O)c(OC)c1,unstable
T25641,COc1cc2c(cc1O)CC1NCCc3cc(OC)c(OC)c-2c31,stable
TN4715,COc1ccc(CC2COc3c(OC)c(O)c(C)c(OC)c3C2=O)c(O)c1,stable
TN1155,COc1ccc2c(c1O)-c1c(O)c(OC)cc3c1C(C2)N(C)CC3,stable
T2846,CC(C)=CCOc1c2ccoc2cc2oc(=O)ccc12,stable
TN4485,C=CCc1ccc(O)c(-c2cc(C=O)ccc2O)c1,stable
TN1833,CCN1CC2(C)CCC(O)C34C5CC6C(OC)CC(O)(C(CC23)C14)C5C6O,stable
T34533,C=CCc1cc2c(cc1OC)OCO2,stable
T3001,C=CCc1ccc(O)c(-c2ccc(O)c(CC=C)c2)c1,stable
T9113,C=CCc1cc(OC)c2c(c1)OCO2,stable
NP-008465,COc1cccc(OC)c1-c1cc(=O)c2c(OC)c(OC)ccc2o1,stable
TN3176,COc1c(O)cc2c(c1O)C(=O)CC(c1ccc(O)cc1)O2,stable
TN1345,COc1c2ccoc2c(O)c2oc(=O)ccc12,stable
T3758,COc1cccc(OC)c1C(=O)O,stable
T3727,COC(=O)c1cc(OC)c(O)c(OC)c1,stable
TN1716,CC1CCC(C(C)(C)O)CC2=C1CCC2C,stable
NP-025128,OCc1nccc2c1[nH]c1ccccc12,stable
NP-009323,CC(C)CCCCCCCCCCC(=O)O,stable
TN1500,O=C(C=Cc1ccccc1)OCC=Cc1ccccc1,stable
T8252,CC(C)=CC1C(CO)C1(C)C,stable
T3008,COC1=CC(=O)c2ccccc2C1=O,stable
TCFN92929,COC(=O)c1ncc(O)c2c1[nH]c1ccccc12,stable
T1238,O=c1c(-c2ccc(O)cc2)coc2cc(O)ccc12,stable
TN3400,Cc1cc(=O)c2c(C)cc(O)cc2o1,stable
TN4592,C=C(C)C(O)C(O)c1c(OC)ccc2ccc(=O)oc12,stable
TBBP06483,CC12CC(c3ccoc3)OC(=O)C1=CCC1(C)C2C2C=CC1(O)C(=O)O2,stable
TN1046,C=C(C)C(=O)Cc1c(OC)ccc2ccc(=O)oc12,stable
T4963,Oc1ccc(CC2NCCc3cc(O)c(O)cc32)cc1,stable
AK-693/21087006,C=CC(C)(C)c1cc2cc3ccoc3cc2oc1=O,stable
T5649,C=CCc1ccc(OC)cc1,stable
TN1236,O=c1c(-c2ccc(O)c(O)c2)coc2cc(O)ccc12,stable
TN5691,O=C1CCc2ccc(O)c(c2)-c2cc(ccc2O)CCC(O)C1,stable
T5305,CC(C)=CC(=O)O,unstable
T4601,COc1ccc2c3ccnc4ccc(=O)n(c2c1)c43,stable
TN4785,C=Cc1ncc(OC)c2c1[nH]c1c(O)cccc12,stable
TN1951,CC(C)(O)C1Cc2cc3cc(-c4cc(O)cc(O)c4)oc3cc2O1,stable
T31613,C=CC1(C)CCC(C(C)(C)O)CC1C(=C)C,stable
TN4100,COc1ccc(-c2coc3cc(O)c(CC=C(C)C)c(O)c3c2=O)c(O)c1,stable
TN2068,CC=C1CN2C3CC45c6ccccc6NC4(O3)C2CC1C5C(=O)OC,stable
T2875,O=c1ccc2ccc3occc3c2o1,stable
T6S1315,COc1c(O)cc2oc(-c3ccccc3)cc(=O)c2c1O,stable
TN1853,COc1cc(CC2COC(c3ccc(O)c(OC)c3)C2CO)ccc1O,stable
TCFN92512,CC1(C)C=Cc2c(cc(O)c3ccc(=O)oc23)O1,stable
TN2738,COC1=CC(=O)C=C(OC)C1(O)CC(C)=O,unstable
T29756,O=C(C=CC=Cc1ccc2c(c1)OCO2)N1CCCCC1,stable
TN1675,COc1ccc(-c2cc(=O)c3c(O)c(OC)c(OC)c(OC)c3o2)cc1,stable
TN1592,NC(Cc1ccccc1)C(=O)O,stable
T8212,COc1cc(-c2coc3cc4c(c(O)c3c2=O)OCO4)cc(O)c1OC,stable
T2S0357,O=c1ccc2cc(O)ccc2o1,stable
T8254,COc1cc2c(c(OC)c1OC)C(=O)c1c(cc(C)c(O)c1OC)C2=O,stable
TN6787,CNCCc1cc(OC)c(OC)c2c1ccc1ccccc12,stable
TN5071,COc1cc(O)cc(CCc2ccccc2OC)c1,stable
TCFN92389,COc1cc(O)cc(-c2coc3cc(O)ccc3c2=O)c1,stable
T7441,CC(C)c1ccc(C=O)cc1,stable
T12576,Cc1cc2c(c(C)c1CCO)C(=O)C(C)C2,stable
T3O2784,Cc1ncc(COP(=O)(O)O)c(C)c1O,stable
TN1174,CCCCCCCc1cc(=O)c2ccccc2n1C,stable
TN2316,CC1(C)C=Cc2cc3ccc(=O)oc3cc2O1,unstable
TN4632,C=C(C)C(O)COc1c2occc2c(OC)c2ccc(=O)oc12,stable
T5671,CC1=CC(=O)CC(C)(C)C1,stable
TN2327,CC(C)=C1CC2C(CCC2(C)O)C(C)(O)CC1=O,stable
TN5061,COc1cccc2c1CC1c3c(cc4c(c3-2)OCO4)CCN1C,stable
TCFN92532,CC(C)=CCc1c(O)cc2c(c1O)C(=O)CC(c1ccc(O)cc1O)O2,stable
TN3403,COc1cc(O)c2c(=O)oc3cc(O)cc(C)c3c2c1,stable
TN6841,CC(C)=CCCC(C)C1C=CC(C)=CC1,stable
TBBP06192,COc1cc(C2CC(O)CC(CCc3ccc(O)c(O)c3)O2)cc(O)c1O,stable
T5709,CC1=C2CC3CCC(C)C2(CC1=O)C3(C)C,stable
TBBP06476,CC1(C)C=Cc2c(cc3oc4cc(O)c5c(c4c(=O)c3c2O)C=CC(C)(C)O5)O1,stable
TBBP01445,COC1=CC23CCCN2CCc2cc4c(cc2C3(O)C1O)OCO4,stable
TN6869,C=CCc1ccc(Oc2cc(CC=C)ccc2O)cc1,stable
TCFN95291,OCc1ccc(-c2nccc3c2[nH]c2ccccc23)o1,stable
TN1416,COc1cc(O)c2c(=O)c(OC)c(-c3ccc(OC)c(O)c3)oc2c1,stable
T4244,Cc1c(O)c(C)c2occ(Cc3ccc4c(c3)OCO4)c(=O)c2c1O,stable
TN1206,O=Cc1c(O)cc(O)cc1O,stable
T5707,COc1c(-c2ccccc2)oc2cc(O)cc(O)c2c1=O,stable
TN3517,CC(C)=CC(=O)CC(C)C1C=CC(C)(O)C(O)C1,stable
T8895,COc1cc(O)c(C(=O)O)c(-c2cc(O)c(O)cc2C)c1,unstable
AK-087/42718128,COc1ccc(C(=O)O)c(OC)c1,stable
T3840,Oc1ccc(CCc2cc(O)cc(O)c2)cc1,stable
TCFN92763,COc1ccc(C23CCC(=O)CC2N(C)CC3)cc1OC,stable
TN3719,COc1ccc2c(c1CC=C(C)C)OC1c3ccc(O)cc3OCC21O,stable
TN4821,COc1cc(CC(C)C(C)Cc2cc(O)c(OC)c(OC)c2)cc(O)c1OC,stable
T4772,CC(C)CC(N)C(=O)O,stable
TN6712,CC1=C2C(O)C3C(CC(=O)C4CC(O)CCC43C)C2CCC12OC1CC(C)CNC1C2C,stable
TCFN92653,CC(=O)CCc1ccc(C(C)(C)O)c(=O)cc1C,stable
TCFN70250,COc1cc(C=CC(=O)O)cc(O)c1O,stable
T2S1334,COc1ccc2ccc(=O)oc2c1O,stable
TN2006,COc1ccc(C2=Cc3ccc(O)cc3OC2)c(O)c1OC,stable
T8047,CC(=O)OC1CC(C)CCC1C(C)C,stable
T0842,CC12CCC(=O)C=C1CCC1C2CCC2(C)C(O)CCC12,stable
TN1642,CC(C)c1cc2c(cc1O)C1(C)CCCC(C)(C)C1CC2,stable
T8229,COc1cc(OC)c2c(=O)cc(-c3ccc(OC)c(OC)c3)oc2c1,stable
TN4787,COC1=C(C)C2CC(=O)OC3CC4C(C)CC(O)C(=O)C4(C)C(C1=O)C32C,stable
TJS0856,COc1cc2oc(=O)cc(-c3ccccc3)c2cc1O,stable
T4237,COc1c(C)c(O)cc2c1C(=O)c1ccccc1C2=O,stable
TBBP05998,CC(C)=CCc1c(O)cc2c(c1O)c(=O)c1cccc(O)c1n2C,stable
T5S0896,COc1ccc(CCC(=O)c2ccc(O)cc2)c(OC)c1,stable
TBBP04225,COc1cc(-c2cc(=O)c3c(O)c(OC)c(O)cc3o2)cc(OC)c1OC,stable
Fr13711,CN1C2CCC1CC(=O)C2,stable
NP-024234,CC1(C)CCC2=C(O1)C(=O)c1c(O)cccc1C2=O,stable
T0729,O=C(OCc1ccccc1)c1ccccc1,stable
T3374,Cc1cccc2c3c(ccc12)C1=C(C(=O)C3=O)C(C)CO1,stable
NP-010644,O=C1c2ccc(O)cc2C(=O)c2ccc(O)cc21,stable
TCFN92248,Cc1ccc2cc(C(C)C)c(O)c3c2c1C(=O)O3,stable
TN1267,CCCCCC(O)CC,stable
TN5865,C=C(C)c1ccc(C)cc1OC(=O)C(C)C,stable
T5621,C=C1C=CC(C(C)C)CC1,stable
TN6108,O=C1CCC2c3cc(O)c(O)cc3CCN12,stable
T5779,COc1cc2oc(-c3ccccc3)cc(=O)c2c(O)c1OC,stable
TN2356,COc1cc(-c2c3c(c(O)c4cc5c(cc24)OCO5)COC3=O)cc(OC)c1OC,stable
TCFN92558,Cc1cc2c(c(O)c1O)C(=O)c1ccccc1C2=O,stable
TN1560,C=Cc1cc(O)cc2ccc3c(C)c(O)ccc3c12,stable
T31324,CCCCC(C)C(C)CCC(C)C,stable
NP-000644,COc1c(OC)c(OC)c2c(c1OC)c(=O)c1ccccc1n2C,stable
TN4581,CC1(C)C=Cc2c(O)cc(-c3cc4ccc(O)cc4o3)cc2O1,stable
NP-003520,COc1cc(CCc2ccccc2)c(C(=O)O)c(O)c1CC=C(C)C,stable
T4S1335,COc1cc2cc(Oc3ccc4ccc(=O)oc4c3)c(=O)oc2cc1O,stable
T8076,CCC=CCC1=C(C)CCC1=O,stable
TN3848,O=C1CC(c2ccccc2)Oc2cc(O)c(O)c(O)c21,stable
TN4401,CC(C)=CCCC1(C)C=Cc2c(cc3c(c2O)C(=O)CC(c2ccc(O)cc2O)O3)O1,stable
TCFN95387,COc1ccc(C2COc3cc(O)ccc3C2=O)c(OC)c1OC,stable
TCFN91582,CC(C)CCCC(C)C1CCC2C3C=CC4=CC(O)CCC4(C)C3CCC12C,stable
NP-009507,COc1cc(-c2oc3cc(O)c(OC)c(O)c3c(=O)c2OC)ccc1O,stable
T26346,O=c1c(-c2ccc(O)cc2)coc2c(O)c(O)ccc12,stable
TQ0264,COc1c(O)c(=O)n2c3ccccc3c3ccnc1c32,stable
TCFN91668,CC1(C)CCC2=C(O1)c1ccccc1C(=O)C2=O,stable
TN4907,OCCC1(O)CCC(O)CC1,stable
TCFN95133,COc1ccc(-c2cc(=O)c3c(O)c(OC)c(OC)c(OC)c3o2)cc1O,stable
TN5139,COc1cc2c(cc1O)C(=O)N(C)CC2,stable
T3S1692,COc1cc(CCC(O)CC(O)CCc2ccc(O)c(OC)c2)ccc1O,stable
T4784,CC(O)c1ccccc1,stable
TN3063,COC1c2ccc(O)cc2OCC1(O)Cc1ccc(O)c(O)c1,stable
TN3450,COc1cc(OC)c2ccc(=O)oc2c1OCC=C(C)C,stable
TN1409,COc1c(O)cc2c3c1-c1ccccc1CC3NCC2,stable
TBBP04831,C=C(C)C(O)C(O)c1cc2ccc(=O)oc2cc1OC,unstable
TN3811,COc1cc2c(cc1OC)-c1c(oc3c4c(cc(O)c3c1=O)OC(C)(C)C=C4)CO2,stable
TN4932,CC(C)c1cc2c(c(O)c1O)C1=C(CC2)C(C)(C)CCC1=O,stable
TN1246,O=C1c2ccc(O)cc2OCC1Cc1ccc(O)c(O)c1,stable
NP-007749,CC1(C)C=C2C(=O)C(C)(C)C(=O)C(C)(C)C2(O)OO1,stable
TN5797,COC(=O)CC1(O)C=CC(=O)C=C1,stable
TN4708,COc1cc(CC2(O)COC(c3ccc(O)c(OC)c3)C2CO)ccc1O,stable
T23663,CC1=CCCC(C)C12CCC(C(C)(C)O)C2,stable
TBBP01983,O=C1CC(c2ccc(O)cc2O)Oc2cc(O)cc(O)c21,stable
TBBP00412,COC1=CC(=O)C=C(OC)C1=O,stable
T2834,COc1ccc(-c2cc(=O)c3c(OC)c(OC)c(OC)c(OC)c3o2)cc1OC,stable
TN2021,COc1ccc2ccc(=O)oc2c1CCC(C)(C)O,stable
T3S2381,CC(C)=CCCc1ccoc1,stable
TN4968,CN1C2CC3CC1C(O3)C2O,stable
NP-003688,CC(C)CC(=O)c1c(O)cc(O)cc1O,stable
T36914,O=C1c2ccccc2C(=O)c2cc(O)ccc21,stable
TN3160,CC1(C)C=Cc2c(cc(O)c3c(=O)c4cccc(O)c4oc23)O1,stable
TN1695,CC1CCC2C1C1C(CCC2(C)O)C1(C)C,stable
T3846,CC(C)=CCc1cc2c(cc1O)OC(c1ccc(O)cc1)CC2=O,stable
T2143,COc1c2ccoc2cc2oc(=O)ccc12,stable
TN1316,Cc1c(O)cc2c(c1O)C(=O)c1ccc(O)cc1C2=O,stable
NP-015149,COc1c(CC=C(C)C)c(O)cc(O)c1-c1coc2cc(O)ccc2c1=O,stable
T2832,COc1ccc2c(c1O)-c1c(OC)c(OC)cc3c1C(C2)N(C)CC3,stable
TCFN70032,COc1ccc(C(C)=O)cc1OC,unstable
TN3535,CC1(C)CCc2c(cc3oc4cc(O)c5c(c4c(=O)c3c2O)CCC(C)(C)O5)O1,stable
TN1950,Oc1cc(O)cc(-c2cc3ccc(O)cc3o2)c1,stable
T5S1286,CC(C)(O)C1Cc2c(ccc3ccc(=O)oc23)O1,stable
TCFN92540,COc1c(O)ccc2c(=O)c3c(O)cc(O)cc3oc12,stable
T0725,O=C(C=Cc1ccc(O)cc1)c1ccc(O)cc1O,stable
T2957,COc1cc(CC2C(=O)OCC2Cc2ccc(OC)c(OC)c2)ccc1O,stable
TN1211,Cc1cc2c(cc1O)C(=O)c1ccccc1C2=O,stable
TCFN91810,COc1ccc(-c2oc3cc(O)cc(OC)c3c(=O)c2O)cc1O,stable
T6S1917,COc1cc2c(c(OC)c1OC)-c1c(cc3c(c1OC)OCO3)CC(C)C(C)(O)C2,stable
T1287,CNCC(O)c1ccc(O)cc1,stable
TBBP06393,CCN1CC2(CO)CCC(OC)C34C5CC6C(OC)CC(O)(C5C6OC)C(O)(C(OC)C23)C14,stable
T19791,CCc1ccc(C)c2ccc(C)c-2c1,stable
TN1918,COc1ccc2c(c1)OC1c3ccc(O)cc3OCC21,stable
T3429,CN1CCc2cc3c(cc2C(=O)Cc2ccc4c(c2C1)OCO4)OCO3,stable
T1548,COc1c2occc2cc2ccc(=O)oc12,stable
TN2982,OCC=Cc1ccccc1,stable
TN3171,COc1cc2c(=O)c3c(OC)c(OC)c(OC)cc3oc2cc1O,stable
T10112,COc1ccc(C(C)=O)cc1O,unstable
TN1375,CC1(C)CCC2=C(O1)C(=O)c1ccccc1C2=O,stable
AK-693/40962732,Cn1c2ccccc2c(=O)c2c(O)cc(O)cc21,stable
TN5770,COc1cc(CCC=CC(=O)CCc2ccc(O)c(OC)c2)ccc1O,stable
T2982,O=c1c2ccccc2oc2ccccc12,stable
TQ0072,CC(C)=CCc1c2c(c(O)c3c(=O)c(-c4ccc(O)cc4)coc13)C=CC(C)(C)O2,stable
TN3614,COc1cc(O)c(C(=O)c2ccccc2)cc1O,stable
TN7054,O=CN1CC2CC(C1)c1cccc(=O)n1C2,stable
T33350,CC(C(O)c1ccccc1)N(C)C,stable
NP-010309,COc1ccc(-c2oc3cc(O)c(OC)c(O)c3c(=O)c2OC)cc1O,stable
T4764,COC(=O)CCCC(=O)O,unstable
TCFN00079,NCc1ccccc1O,stable
TN1035,COc1ccc(-c2coc3cc(O)c(OC)c(O)c3c2=O)cc1,stable
T0392,CC1CCC2C(C)C(=O)OC3OC4(C)CCC1C32OO4,stable
TN2160,CN1CCc2cc3c(c4c2C1Cc1ccccc1-4)OCO3,stable
T2876,O=c1cc(-c2ccccc2)oc2ccccc12,stable
T2S1434,O=c1ccc2c(O)c3ccoc3cc2o1,stable
T8193,CC1C(=O)CC2(C(C)C)CC12,stable
T11686,Cc1coc2c1C(=O)c1ccc3c(C)cccc3c1C2=O,stable
TCFN95401,COc1ccc2c(c1O)OC1c3ccc(OC)c(O)c3OCC21,stable
T8115,Cc1coc2c1CCC(C)C2,stable
TN5507,COc1ccc(C2COc3cc(O)ccc3C2=O)c(OC)c1O,stable
T4844,CSCCC(N)C(=O)O,stable
TBBP04563,C=C1C2CC2C2(C)C1CC1=C(C)C(=O)OC1(O)C2O,stable
TMA0291,COc1cc2c(c(OC)c1CC=C(C)C)C=C(c1ccc(O)cc1O)CO2,stable
T2838,O=C1CC(c2ccc(O)cc2)Oc2cc(O)cc(O)c21,stable
T2969,O=C1C=C(O)C(=O)c2ccccc21,stable
T2892,CN1CCCC1c1cccnc1,stable
TN2219,CC1(C)C=Cc2c(O)ccc(-c3coc4cc(O)cc(O)c4c3=O)c2O1,stable
T2S0633,CC(=O)CCc1ccc(O)cc1,stable
TBBP02567,COc1ccc(C2COc3cc(O)cc(O)c3C2=O)c(OC)c1,stable
TCFN95424,COC(=O)c1c2c(c3ccccc3c1O)OC(C)(C)C(O)=C2,stable
TN3019,CC1(C)CC(O)C2=C(O1)C(=O)c1c(O)cccc1C2=O,stable
T5302,O=C(O)C1CCCN1,stable
T8228,CCOC(=O)C1C(C=C(C)C)C1(C)C,stable
N003-0017,C=C1C(=O)OC2C1CCC(C)C1(O)CCC(=O)C21C,stable
TN1287,COc1cc(-c2cc(=O)c3c(O)c(OC)c(O)cc3o2)cc(O)c1OC,stable
TBBP06264,COc1c(O)cc2c3c(cc4ccccc4c13)NC(=O)C2=O,stable
T4S2063,c1cc2c(c3c1CC1c4cc5c(cc4CCN1C3)OCO5)OCO2,stable
TCFN92200,CC(C)=CCCC1(C)C=Cc2c(ccc3c2[nH]c2cc(O)c(C)cc23)O1,stable
TN1026,CN1CCC23C(=O)CC4C(=CCOC5CC(=O)N(c6c(O)cccc62)C3C54)C1,stable
T4960,OC1CCN2Cc3ccccc3N=C12,stable
TBBP01277,COc1ccc(O)cc1OC,stable
NP-003482,CCCCCCCCCC(O)CC(=O)O,stable
T5767,COc1ccc(C(=O)O)cc1O,stable
NP-008482,COc1cc(C2OC(c3ccc(OC)c(OC)c3)C(C)C2C)ccc1O,stable
TN5238,COc1cc(O)c2c(=O)cc(-c3c(O)cccc3O)oc2c1OC,stable
NP-009092,CC(C)=CCCC(C)=CCc1c(O)ccc2ccc(=O)oc12,stable
TN2113,CC1(C)CCCc2c1ccc1c2C(=O)C(=O)c2c(CO)coc2-1,stable
T2997,O=C(O)c1cc(O)c2c(c1)C(=O)c1cccc(O)c1C2=O,unstable
NP-019719,CN1CCc2cc3c(cc2C(=O)Cc2cc4c(cc2C1)OCO4)OCO3,stable
TN5278,CC1=CCCC2(C)OC2C(=O)c2c(C)coc2C1,stable
T3775,COc1cc2c(cc1OC)C(Cc1ccc(O)cc1)N(C)CC2,stable
T2868,CN1c2ccccc2C(=O)N2CCc3c([nH]c4ccccc34)C21,stable
TN2177,CC(C)=CCCC1(C)C=Cc2c(cc(O)c3c2OC(c2ccc(O)cc2O)CC3=O)O1,stable
T7978,O=C1CCCCCCCCCCCCCC1,stable
T2943,O=Cc1ccc(CO)o1,stable
T8279,CC(=O)OC1CC2CCC1(C)C2(C)C,unstable
TN2058,COc1cc(O)c2c(c1)OC(c1ccc(OC)c(O)c1)CC2=O,stable
T3676,Oc1ccc2c(c1)OCO2,stable
TN3907,COc1cc(O)cc(C=Cc2ccccc2)c1,stable
TN1015,COc1ccc2ccc(=O)oc2c1CC1OC1(C)C,stable
TN2883,COc1ccc(-c2cc(=O)c3ccccc3o2)cc1OC,stable
T24417,COc1cc(CCC(=O)CCCCc2ccccc2)ccc1O,stable
T20257,COC(=O)c1ccc(OC)cc1,stable
TN1490,COc1cc(-c2cc(=O)c3c(O)cc(O)cc3o2)ccc1O,stable
T3S1873,CCN1CC2(COC)CCC(OC)C34C5CC6C(OC)CC(O)(C(CC23)C14)C5C6O,stable
TBBP05910,COc1ccc(-c2oc3cc(O)c(OC)c(O)c3c(=O)c2OC)cc1,stable
TN2672,Oc1ccc(-c2cc3ccc(O)cc3o2)c(O)c1,stable
TN1859,CC(C)=CCc1cc2c(=O)cc(-c3ccc(O)cc3)oc2cc1O,stable
TN3161,CC1(C)C=Cc2c(cc3oc4c(O)cccc4c(=O)c3c2O)O1,stable
TN2359,COc1ccc(-c2coc3cc(O)c(OC)c(O)c3c2=O)cc1O,stable
T3488,COc1c(O)cc2occ(-c3ccc(O)cc3)c(=O)c2c1O,stable
T8198,COc1c2ccoc2cc2oc(C)cc(=O)c12,stable
TN2533,COc1ccc2oc3c(OC)c(OC)c(OC)c(O)c3c(=O)c2c1,stable
TN3048,COc1ccc(C=CC=O)cc1,stable
TN2073,COc1cc(O)c2c(=O)cc(-c3ccc(OC)c(O)c3)oc2c1,stable
T31449,O=C(OCCOCCO)c1ccccc1,stable
TN1556,COc1c(O)ccc2c1cnc1c3cc4c(cc3ccc21)OCO4,stable
TBBP06172,CC1(C)C=Cc2cc(C(=O)CO)c(O)cc2O1,stable
T8253,CC(=O)Oc1cc(C(C)C)ccc1C,unstable
T0724,COc1ccc(-c2coc3cc(O)ccc3c2=O)cc1,stable
T6S1559,COc1c(O)cc2c(c1O)C(=O)c1c(cc(C)c(O)c1OC)C2=O,stable
TN2013,Cc1c(O)cc2c(c1O)C(=O)C(Cc1ccc3c(c1)OCO3)CO2,stable
T2S1975,C=C1C(=O)C23C4OC5OC2(O)C(O)C2C(C)(C)CCC(O)C52C3CCC14,stable
AK-693/21087015,COc1cc(O)c2c(=O)cc(-c3ccccc3O)oc2c1,stable
T4S0537,CCN1CC2(COC)CCC(O)C34C5CC6C(OC)CC(O)(C5C6O)C(C(OC)C23)C14,stable
TN2076,O=C1c2c(O)cc(O)cc2OC(c2ccccc2)C1O,stable
T6S0141,CC1(C)C=Cc2cc(-c3coc4cc(O)ccc4c3=O)ccc2O1,stable
TN3093,COc1cc(-c2cc(=O)c3c(O)cc(O)cc3o2)cc(OC)c1OC,stable
T8002,O=c1oc2ccccc2cc1O,stable
TCFN95373,COc1ccc2c(c1OC)C(CO)N(C)c1c-2ccc2cc3c(cc12)OCO3,stable
NP-001946,COc1ccc(-c2cc(=O)c3c(O)c(O)c(O)cc3o2)cc1,stable
T8770,CC1=NCCc2c1[nH]c1cc(O)ccc21,stable
TN1841,C=C(C)C(CC=C(C)C)Cc1c(O)cc(O)c2c1OC(c1ccccc1O)CC2=O,stable
T2916,CC1CCC2(O)C(C)(C)C3CCC2(C)C1C3,stable
TN5129,CC1=CCCc2c1ccc1c2C(=O)C(=O)C2=C1OCC2C,stable
TMS1743,COc1ccc(-c2cc(=O)c3c(O)c(OC)c(OC)cc3o2)cc1,stable
TN4711,Cc1c(O)c2c(c(C)c1CCO)C(=O)C(C)(C)C2,stable
TN5443,CC(=O)Oc1ccc(-c2oc3cc(OC(C)=O)cc(O)c3c(=O)c2OC(C)=O)cc1,unstable
T9352,COc1c2c(cc3c1OCO3)CCN(C)C2,stable
NP-017517,COC(=O)c1c(O)cc(O)cc1O,stable
TBBP02202,COc1c(C)c(O)cc2c1C(=O)c1ccc(O)cc1C2=O,stable
TN1040,COc1cccc(O)c1-c1cc(=O)c2c(O)c(OC)c(OC)c(OC)c2o1,stable
TCFN92123,CCOC(=O)c1nccc2c1[nH]c1ccccc12,stable
TN3856,COc1c(O)cc2c(c1O)C(=O)CC(c1ccccc1)O2,stable
TN2423,CC1=C(C=O)C(C)(C)CC=C1,stable
STOCK1N-77024,COc1ccc(CC(C)=O)cc1,stable
TN2243,CC(C)c1cc2c(cc1O)C1(C)CCCC(C)(C)C1CC2=O,stable
TBBP02415,CC(C)=CCc1c(C=O)cc(O)c2[nH]c3ccccc3c12,stable
T4S0999,COc1cc(O)c(CC=C(C)C)c2c1C(=O)CC(c1ccc(O)cc1)O2,stable
T34755,COc1cc(O)c2c(=O)c3c(O)ccc(OC)c3oc2c1,stable
T6S0232,O=C1CC(c2ccc(O)c(O)c2)Oc2cc(O)cc(O)c21,stable
T6S0107,CC1CCC2N(C1)CC1C3CC4C(CC(O)C5CC(O)CCC54C)C3CCC1C2(C)O,stable
T6S1740,CC1CCC=C2C(=O)CC3OOC(C)(C)C3C21C,stable
TN1406,O=C1c2c(O)cc(O)cc2OC(c2ccc(O)cc2)C1O,stable
TBB-04575,c1ccc2c(c1)[nH]c1ccccc12,stable
T4136,CC(C)=CCC1=C(O)C(=O)c2ccccc2C1=O,stable
T3751,CC(=O)c1ccc(O)cc1O,stable
TCFN92165,Cc1coc2c1C(=O)C(=O)c1c-2ccc2c1C=CCC2(C)C,stable
TN1087,COc1cc(C2c3cc4c(cc3CC3COC(=O)C32)OCO4)cc(OC)c1OC,stable
TN2085,CC(C)CNC(=O)C=CC=Cc1ccc2c(c1)OCO2,stable
T24050,COc1cc(OC)c(C(=O)CC(C)=O)c(OC)c1,unstable
TBBP05565,COc1cc(CCC(=O)CC(O)CCc2ccc(O)c(O)c2)ccc1O,stable
T0962,CN1C2CCC1CC(OC(=O)C(CO)c1ccccc1)C2,stable
TBBP00029,COc1ccc(-c2cc(=O)c3c(O)c(C)c(OC)cc3o2)cc1,stable
TCFN95027,COc1ccc(C(O)C2COC(c3ccc(OC)c(OC)c3)C2CO)cc1OC,stable
NP-000290,CC(C)=CCC1(CC=C(C)C)C(=O)C(O)=C(O)C1=O,stable
T4S0878,COc1cc(O)c2c(=O)c(-c3ccc(O)cc3)coc2c1,stable
TN6937,CC(C)C(O)(CC(=O)O)C(=O)O,stable
TCFN92921,COc1ccc2c(c1)C(=O)c1c(OC)c(OC)c(OC)c3ccnc-2c13,stable
T5764,C=CCS(=O)CC(N)C(=O)O,stable
NP-012549,O=c1cc(-c2ccc(O)c(O)c2)oc2cc(O)ccc12,stable
Fr14438,Cc1ccc(C(=O)O)cc1,stable
Fr16745,N#CCc1ccc(O)cc1,stable
TN4322,C=C(C)C1CCC(C)CC1O,stable
T7868,CC(C)=CCCC(C)=CCCC(C)=CCO,stable
T4S1983,CC12CCC(O)CC1(O)CCC1C2CCC2(C)C(C3=CC(=O)OC3)CCC12O,stable
TN2912,Oc1ccc2c(c1)OC1c3ccc(O)cc3OCC21,stable
TN4614,Cn1c(=O)c2c(c3ccccc31)OC(C)(C)C=C2,stable
T5S1923,COc1c2c(cc3c1-c1c(cc4c(c1OC)OCO4)CC(C)C(C)C3)OCO2,stable
TBBP06210,COc1cc2c(cc1OC)C(=O)Cc1ccc(OC)c(OC)c1CN(C)CC2,stable
TN4802,O=C1CC(c2ccc(O)c(O)c2)Oc2cc(O)c(O)cc21,stable
T5S2059,COc1cc2c(cc1OC)-c1c(OC)c(OC)cc3c1C(C2)N(C)CC3,stable
TN1949,CC(C)=CCc1c(O)cc(-c2cc3ccc(O)cc3o2)cc1O,stable
TN6987,COC(=O)c1ccccc1,stable
TC0039,O=c1c2ccccc2nc2n1CCC2O,stable
TN2563,C=Cc1ncc(OC)c2c1[nH]c1ccccc12,stable
T19962,CC1(C)C=CC2=C(O1)C(=O)c1ccccc1C2=O,stable
T2842,COc1ccc(-c2cc(=O)c3c(OC)c(OC)c(OC)c(OC)c3o2)cc1,stable
T4115,CC(C)=CCCC(C)=CCOc1ccc2ccc(=O)oc2c1,unstable
TN2500,COCc1ccc2c(c1OC)C(=O)c1ccc(O)c(OC)c1C2=O,stable
T2925,COc1cc2c(c(OC)c1OC)-c1c(cc3c(c1OC)OCO3)CC(C)C(C)C2,stable
T0530,O=C1CC(c2ccccc2)Oc2ccccc21,stable
TL0012,C=CC1(C)CCC(C(C)C)C(=O)C1C(=C)C,stable
TN1632,C=C(C)c1cc2cc(C(C)=O)c(O)cc2o1,unstable
TN4434,CC1(C)C=Cc2c(ccc(C3COc4cc(O)cc(O)c4C3=O)c2O)O1,stable
NP-000645,Cc1cc2c([nH]c3ccccc32)c2c1OC(C)(C)C=C2,stable
T4S0590,CC12CC(c3ccoc3)OC(=O)C1CCC1(C)C2C2C=CC1(O)C(=O)O2,stable
TN2499,COc1cc(O)ccc1CCCc1ccc(O)c(CC=C(C)C)c1,stable
T32745,COc1cc2oc(-c3ccc(O)c(CC=C(C)C)c3)c(O)c2cc1OC,stable
T3759,COc1ccc(C=CC(=O)O)cc1OC,stable
TN1142,O=c1c2c3c(ccc2cc2n1CCc1cc4c(cc1-2)OCO4)OCO3,stable
T7952,COc1ccc2c(c1OC)C(=O)OC2C1c2c(cc3c(c2OC)OCO3)CCN1C,stable
STOCK1N-66506,CCC(=O)c1ccc(OC)c(OC)c1,unstable
T4S0544,CC1=CC(=O)c2c(C)coc2CC(C)=CCC1,stable
TBBP01967,COc1cc(O)c2c(c1O)C(=O)c1cc(C)cc(O)c1C2=O,unstable
T8175,COc1ccc(CC2c3cc(OC)c(OC)cc3CCN2C)cc1OC,stable
TMA0394,COC(=O)C1(C)CCCc2c1ccc1c2C(=O)C(=O)c2c(C)coc2-1,stable
NP-010324,CC(=O)c1cc2c(cc1O)OC(C)(C)C=C2,unstable
TBBP01639,O=Cc1ccc2ccocc1-2,stable
NP-001753,COc1cc(O)c2c(=O)c(OC)c(-c3cc(O)c(OC)c(OC)c3)oc2c1,stable
T6S1930,COc1cc2c(c(O)c1OC)-c1c(cc(OC)c(OC)c1OC)CC(C)C(C)C2,stable
T5527,O=C1C(O)=Cc2cccc3ccc(-c4ccccc4)c1c23,stable
TN2150,COc1cc(O)c2c(=O)c(O)c(-c3ccc(O)c(OC)c3)oc2c1,stable
AK-087/42718289,Cc1cc(=O)c2c(O)cccc2o1,stable
TN1707,COc1cc2c(c(O)c1OC)-c1c(cc(OC)c(OC)c1OC)CC(C)(O)C(C)C2,stable
AK-087/42718409,COc1cc2oc(-c3ccccc3)cc(=O)c2c(O)c1C,stable
T6S1684,CCCCCCCC(O)CC(=O)CCc1ccc(O)c(OC)c1,stable
TN1415,C=C(C)C(O)Cc1c(OC)ccc2ccc(=O)oc12,stable
T2783,CCCCCC1C(=O)CCC1CC(=O)OC,stable
T3398,COc1ccc(-c2oc3c(CC=C(C)C)c(O)cc(O)c3c(=O)c2O)cc1,stable
T4S0647,CCCCC1OC(=O)c2ccccc21,stable
T3867,COc1cc(O)cc2c1C(=O)CC(c1ccccc1)O2,stable
TQ0309,C=C1C(=O)C23C(O)CC4C(C)(C)C(=O)CCC4(C)C2CCC1C3OC(C)=O,stable
T4878,CC1CCC2(OC1)OC1CC3C4CCC5CC(O)CCC5(C)C4CC(=O)C3(C)C1C2C,stable
TN2898,COc1ccc(-c2oc3cc(OC)cc(O)c3c(=O)c2O)cc1,stable
TN1891,CC(C)=CCc1c(O)cc(O)c2c(=O)c(-c3ccc(O)cc3)coc12,stable
TCFN92373,CCCC(CC(CCc1ccc(O)c(OC)c1)OC(C)=O)OC(C)=O,unstable
NP-002011,CC(C)=CCc1cc(C2CC(=O)c3c(O)cc(O)cc3O2)ccc1O,stable
T4617,COc1cc(O)c2c(=O)c3cc(OC)c(O)c(OC)c3oc2c1,stable
T3S0541,C=CC1(C)Cc2occ(C)c2CC1C(=C)C,stable
T3776,COc1ccc(C=Cc2cc(O)cc(O)c2)cc1O,stable
T2S2172,C=CC(C)(O)CCC=C(C)CCC=C(C)C,stable
NP-024859,CC1(C)CCCC1(C)c1ccc(CO)cc1,stable
TBBP06145,COc1cc(CCC(O)CC(=O)CCc2ccccc2)ccc1O,stable
TN7053,COc1cc(O)c2c(=O)c(O)c(-c3ccc(OC)c(OC)c3)oc2c1,stable
T3S1960,CCC(=O)c1cc2c(cc1O)OCO2,stable
TCFN90270,O=C1C2CCCN2C(=O)C2CCCN12,stable
T5718,CNC(Cc1c[nH]c2ccccc12)C(=O)O,stable
TN7001,CC1=C2CCC(C)C2CC(C(C)(C)O)CC1,stable
TN3799,COc1ccc2c(cc3c4c(cc5c(c42)OCO5)CCN3C)c1OC,stable
T2981,COc1cc(O)c(C(C)=O)c(OC)c1,unstable
STOCK1N-48784,CN1CCc2c([nH]c3ccccc23)C1,stable
TN1522,COc1cc(O)c2c(=O)c(OC)c(-c3cc(OC)c(OC)c(OC)c3)oc2c1,stable
TN4036,CC(=O)c1cc2cc(C(C)=O)c(O)cc2o1,unstable
TN1559,COc1cc2cc3c4c(cc5c(c4c2cc1OC)OCO5)CCN3C,stable
T12564,COc1ccc(-c2oc3c(OC)c(O)cc(O)c3c(=O)c2O)cc1,stable
TN4608,CC1(C)C2CC=C(CO)C1C2,stable
T4S0867,Cc1cc(O)c(C(=O)CCC(C)C)c(=O)o1,stable
T3000,C=CCc1ccc(O)c(-c2cc(CC=C)ccc2O)c1,stable
T1704,COc1ccc(-c2cc(=O)c3c(O)cc(O)cc3o2)cc1O,stable
T3866,COc1cc(CC(C)C(C)Cc2ccc3c(c2)OCO3)ccc1O,stable
TN2692,O=C1OCC(Cc2ccc3c(c2)OCO3)=C1Cc1ccc2c(c1)OCO2,stable
TN4818,Cc1c(O)cc2c(c1O)C(=O)CC(c1ccc(O)cc1)O2,stable
T1558,Oc1ccc(C=Cc2cc(O)cc(O)c2)cc1,stable
NP-013900,COc1cc2c3c(c1OC)C1(C=CC(=O)C=C1)CC3NCC2,stable
TN3321,COc1cccc2c1C(=O)C1=C(CCC(C)(C)O1)C2=O,stable
TN5508,COc1cc(-c2cc(=O)c3c(OC)cc(O)cc3o2)ccc1O,stable
T3981,COc1ccc(-c2cc(=O)c3c(O)cc(O)cc3o2)cc1,stable
TN6816,CCOC(=O)C=Cc1ccc(OC)cc1,stable
T4848,O=C(O)C(O)c1ccccc1,stable
TN1303,CC(=O)CC1c2c(ccc3c2OCO3)-c2ccc3cc4c(cc3c2N1C)OCO4,stable
TN6779,COC(=O)c1cc(O)c2[nH]c3ccccc3c2c1,stable
TN1192,CC=C1CN2C3Cc4c([nH]c5ccccc45)C2(O)CC1C3(CO)C(=O)OC,stable
TBBP05839,COc1ccc2[nH]c3c4c(c(C)cc3c2c1)OC(C)(C)C=C4,stable
TN2084,COc1cc(C2OCC3C(c4ccc5c(c4)OCO5)OCC23)ccc1O,stable
NP-008911,C=CC(C)(C)c1c2c(c(OC)c3ccc(=O)oc13)C=CC(C)(C)O2,stable
TN3265,CCOC(C)(C)C(O)Cc1c(OC)ccc2ccc(=O)oc12,stable
TN1594,COc1cc(C2OCC3C(c4cc(OC)c(O)c(OC)c4)OCC23)cc(OC)c1O,stable
TN2879,COc1cc(C(=O)CCO)cc(OC)c1O,stable
TCFN70422,COc1c(O)c(OC)c2oc(-c3ccc(O)c(O)c3)c(OC)c(=O)c2c1O,stable
TN1446,CC1=CCC(C2(C)CCC(O)C(C)(C)O2)CC1,stable
TCFN91646,CC(C)c1ccc2c(c1O)CCC1C(C)(C)C(=O)CCC21C,stable
T3760,COc1ccc(O)c(C(C)=O)c1,unstable
NP-018040,CC(C)(O)c1cc2c(ccc3ccc(=O)oc32)o1,stable
T5875,COc1ccc(C=CC(=O)O)cc1,stable
0080-0006,C=C(C)C1Cc2cc3ccc(=O)oc3cc2O1,stable
T20001,CCCCOC(=O)c1ccccc1,stable
TN1562,CC(C)C1=Cc2ccc3c(c2C(=O)C1=O)C=CCC3(C)C,stable
TBBP02431,COc1ccc2[nH]c3c(O)cc(C=O)cc3c2c1,stable
TN3604,C=C(C)C1CC=C(C)C(O)C1,stable
NP-020003,CC(=O)c1cc(C)c(O)c(C)c1O,stable
TN2201,CC1(C)C=Cc2cc(-c3coc4cc(O)cc(O)c4c3=O)cc(O)c2O1,stable
NP-007868,COC(=O)c1cccc2oc3cccc(O)c3c(=O)c12,stable
0080-0009,COc1c(C(C)C)oc2cc3oc(=O)ccc3cc12,stable
T13798,Cc1coc2c1C(=O)C(=O)c1c-2ccc2c1CCCC2=O,stable
TN3688,COc1cc(O)cc2c1-c1ccc(O)cc1CC2,stable
T5986,O=C(O)c1ncccc1O,stable
TBBP02706,COc1cc(O)cc2oc(=O)c(-c3ccc(O)cc3O)cc12,stable
T13716,COc1cc(C2c3cc(O)c(OC)cc3CC(C)C2C)ccc1O,stable
TN2217,COc1cc(O)c(CC=C(C)C)c2oc(-c3ccc(O)cc3)c(O)c(=O)c12,stable
T5982,COc1cccc(C(=O)O)c1,stable
TN3053,Oc1ccc(CCCc2ccc(O)cc2O)cc1,stable
T4900,CCC=CCC1C(=O)CCC1CC(=O)OC,stable
TBBP05844,COc1cc(CCc2ccccc2O)cc(O)c1OC,stable
NP-023782,O=c1cc(-c2c(O)cccc2O)oc2cc(O)cc(O)c12,stable
T9513,COC(=O)CCc1ccccc1,stable
TN1622,COc1ccc(-c2oc3cc(O)cc(O)c3c(=O)c2OC)cc1,stable
T5S2360,COc1cc2c(cc1OC)C1C(C)c3ccc(OC)c(OC)c3CN1CC2,stable
T3S1541,CC1C(c2ccc3c(c2)OCO3)OC(c2ccc3c(c2)OCO3)C1C,stable
T21532,CN1C2CC(OC(=O)C(CO)c3ccccc3)CC1C(O)C2,stable
TN1641,CC12CCC(C1)C(C)(C)C2=O,stable
T8110,C=C1C2CCC3C2C(C)(C)CCCC13C,stable
NP-022819,COc1cc(C(c2cc(OC)c(OC)c(OC)c2)C2COC(=O)C2C)cc(O)c1OC,stable
TBBP05801,COc1cc2c3c(c1O)COc1cc(O)cc(c1-3)CC2,stable
T4S1659,O=c1ccc2cc3ccoc3c(O)c2o1,stable
T10183,COc1cc(-c2cc(=O)c3c(O)c(OC)c(O)cc3o2)cc(OC)c1O,stable
TN1691,CC(C)=CCc1cc(C2CC(=O)c3ccc(O)c(CC=C(C)C)c3O2)ccc1O,stable
TBBP02042,O=C(c1cccc(O)c1)c1c(O)cc(O)cc1O,stable
NP-002493,COc1ccc2ccc(=O)oc2c1C(OC(C)=O)C(=O)C(C)C,unstable
TN3228,Oc1ccc(CC2COc3cc(O)ccc3C2)cc1,stable
T15949,CC(C)=CCCC1(C)C=Cc2c(c(C)cc3c2[nH]c2ccccc23)O1,stable
TN4877,COc1ccc(-c2oc3cc(O)cc(O)c3c(=O)c2OC)cc1O,stable
TN3319,O=c1ccc2nccc3c4ccc(O)cc4n1c23,stable
T2S0820,COc1c(-c2ccccc2)oc2c(ccc3occc32)c1=O,stable
T7053,O=C(O)C=Cc1ccc(O)cc1,stable
T8274,Cn1cncc1CC(N)C(=O)O,stable
TN5033,COc1cc(O)c2c(=O)cc(-c3ccccc3O)oc2c1OC,stable
T22295,CCC=CCCO,stable
TN6803,CC(C)=CCc1cc(C2CC(=O)c3ccc(O)cc3O2)ccc1O,stable
T8256,CC1=CC(=O)C(C(C)C)CC1,stable
T26290,C=C(C)C1Cc2cc(C(C)=O)ccc2O1,stable
Fr14127,c1ccc2c(c1)CCO2,stable
T3824,COc1cc(-c2cc(=O)c3c(O)c(OC)c(O)cc3o2)ccc1O,stable
T13670,CCCC=C1OC(=O)C2=C1CCC=C2,stable
T3S0478,CN1C2CC(OC(=O)C(CO)c3ccccc3)CC1C1OC12,stable
TN6720,CC(=O)OC(CC=C(C)C)C1=CC(=O)c2c(O)ccc(O)c2C1=O,unstable
T27012,COc1ccc(CCc2cc(OC)c(O)c(OC)c2)cc1OC,stable
T2821,CCOC(=O)C=Cc1ccc(O)c(OC)c1,stable
TN1273,O=c1cc(-c2ccc(O)cc2)oc2cc(O)ccc12,stable
T3728,COC(=O)c1ccc(O)cc1,stable
T7983,CC1(C)C2CCC1(C)C(O)C2,stable
T8319,CCCCOC(=O)c1ccccc1C(=O)OCC(C)C,stable
T0611,COc1cc(C(O)C(=O)O)ccc1O,unstable
TN3013,COc1c(OC)c2nccc3c4ccccc4n(c1=O)c23,stable
T6S1665,COc1cc(-c2coc3cc4c(c(OC)c3c2=O)OCO4)cc(OC)c1OC,stable
STOCK1N-66495,COc1ccc2c(=O)c(-c3ccccc3)c(C)oc2c1,stable
T8292,CC1=CCC23CC1C(C)(C)C2CCC3C,stable
TCFN70469,COc1cc(-c2oc3c(OC)c(O)c(OC)c(O)c3c(=O)c2OC)cc(OC)c1OC,stable
TN3587,COc1c(O)cc2oc(Oc3ccc(O)cc3)cc(=O)c2c1O,stable
T2926,COc1cc2c(c(OC)c1OC)-c1c(cc(OC)c(OC)c1OC)CC(C)C(C)C2,stable
TN6943,Cc1cc(=O)c2c(O)c3c(cc2o1)OC(C(C)(C)O)C3,stable
TN3095,COc1ccc(-c2oc3c(OC)c(O)cc(O)c3c(=O)c2OC)cc1,stable
TN6851,CC(C)C(=O)COc1c2ccoc2cc2oc(=O)ccc12,stable
0080-0026,CC(C)c1cc2cc3ccc(=O)oc3cc2o1,stable
TN2999,CC(=O)C=CC1=C(C)CCCC1(C)C,stable
T5795,COc1cc2oc(=O)ccc2cc1CC=C(C)C,stable
NP-000884,OCC1OC(OCc2ccccc2)C(O)C(O)C1O,stable
NP-000321,COc1c(O)cc2oc(-c3ccc(O)c(O)c3)c(OC)c(=O)c2c1O,stable
TBBP06106,O=C(CCc1ccccc1)CC(O)CCc1ccccc1,stable
TN1561,COc1cc2cc3c4c(cc(OC)c(OC)c4c2cc1OC)CCN3C,stable
T4S0779,COc1cc2c(cc1OC)C1Cc3ccc(OC)c(OC)c3CN1CC2,stable
T3815,COc1cc2oc(=O)ccc2cc1O,stable
NP-022455,COc1ccc(CCC(=O)c2ccc(O)cc2O)cc1,stable
STOCK1N-03395,C=CC1(C)CCC2C(C)(CCC3C(C)(C)CCCC32C)O1,stable
AP-163/40806890,O=C(O)c1cc(=O)c(O)c(C(=O)O)o1,stable
TN4889,COc1ccc(CC2c3cc(O)c(OC)cc3CCN2C)cc1O,stable
T7472,O=c1cc(-c2ccccc2)oc2cc(O)ccc12,stable
TCS1856,CC(=O)c1ccccc1O,stable
T5S0994,CN1CC2CC(C1)c1cccc(=O)n1C2,stable
T20446,COc1cc(C)ccc1O,stable
AM-331/20711021,CC(=O)CC1CCCCN1,stable
T5544,O=C(O)c1ccco1,stable
TN1498,CC1CC2OC3(OC2C(C)(C)O)C1C1(C)CCC24CC25CCC(O)C(C)(C)C5CCC4C1(C)C3O,stable
T3329,COc1ccc(-c2coc3cc(OC)ccc3c2=O)cc1,stable
TN2322,COc1cc(C2OCC3C(c4cc(OC)c(OC)c(OC)c4)OCC23)cc(OC)c1OC,stable
T3227,O=C(O)C(O)Cc1ccc(O)c(O)c1,stable
T4479,COc1cc(OC)c2c(c1)c(=O)c1ccoc1n2C,stable
T8250,CC1=CC=CC(C)(C)CC1=O,stable
T3S1866,CCCOC(=O)c1cc(O)c(O)c(O)c1,stable
TBBP03010,CC(C)=CCc1c(O)cc(O)c2c1OC(c1ccc(O)cc1O)CC2=O,stable
TMA0053,O=C1C=CC2(CCC23C=CC(=O)O3)O1,stable
T20868,O=C(O)c1cccc(C(=O)O)c1,stable
STOCK1N-72731,COc1cc(C(=O)O)cc2c1OCO2,stable
TN3025,CC1=CC2(O)OC3(CC2=C(C)C)C(C)CCC13,stable
TN4283,Cc1cc2c(c(O)c1-c1c(C)cc(O)c3c1C(=O)C=CC3=O)C(=O)C=CC2=O,stable
T13922,COc1cc(O)cc2oc(-c3ccc(O)cc3)cc(=O)c12,stable
TN3726,CC(C)=CCc1c(-c2ccc(O)cc2O)oc2cc3c(c(O)c2c1=O)C=CC(C)(C)O3,stable
TN2267,COC(=O)C1=COC(C)C2CN3CCc4c([nH]c5ccccc45)C3CC12,stable
TN1398,CN1CCC=C(C(=O)O)C1,stable
TCFN95126,COc1cc(OC)c2nc3occc3c(OC)c2c1,stable
T20488,CC(C)c1ccc(C(=O)O)cc1,stable
T5763,CCCCC1OC(=O)C2=CCCCC21,stable
T5773,COc1cc(O)c2c(=O)cc(-c3ccccc3)oc2c1OC,stable
TN2315,O=C1c2ccccc2C(=O)c2c(O)cc(O)cc21,stable
T5304,Cc1ccc(O)cc1,stable
T5S1708,CC(C)C1C2OC(=O)C1C1CCC3CN(C)C2C31C,stable
TBBP02400,Cc1cc2c(cc1O)[nH]c1ccccc12,stable
TN5152,COc1c(-c2ccc(O)cc2)oc2cc(O)c(CC=C(C)C)c(O)c2c1=O,stable
TN2302,COc1c(O)ccc(O)c1-c1cc(=O)c2c(O)cc(O)c(OC)c2o1,stable
TN3962,CC1=C2CC(C(C)(C)O)CCC2(C)CCC1,stable
TN3029,CCOCc1ccc(O)cc1,stable
TN4136,CC(C)=CCc1c(O)cc(O)c2c1OC(c1ccccc1)C(O)C2=O,stable
T4652,O=C1c2c(O)cc(O)cc2OC(c2ccc(O)c(O)c2)C1O,stable
TN5924,O=C(CCO)c1ccc(O)cc1,stable
TN4149,CC1(C)C=Cc2c(O)ccc(C3COc4cc(O)cc(O)c4C3=O)c2O1,stable
T20294,COc1cccc(O)c1,stable
T2860,COc1cc(CO)ccc1O,stable
TN2408,COc1cc(C(=O)C(CO)c2ccc(O)c(OC)c2)ccc1O,stable
T16407,CC(C)=CCc1c2c(c3occ(-c4ccc(O)cc4)c(=O)c3c1O)C=CC(C)(C)O2,stable
NP-012335,COc1ccccc1-c1cc(=O)c2c(OC)c(OC)ccc2o1,stable
TN3504,COc1cc(C(=O)CCO)ccc1O,stable
TN4281,C=CCC1=CC(OC)(C(C)Cc2ccc3c(c2)OCO3)C(OC)=CC1=O,stable
TNP-005136,COc1ccc(-c2coc3c(OC)c(O)ccc3c2=O)cc1O,stable
TBBP05903,CC(C)=CCCC1(C)C=Cc2c(c(C)cc3c2[nH]c2cc(O)ccc23)O1,stable
TCFN92931,COCc1nccc2c1[nH]c1ccccc12,stable
TBBP05905,COc1ccc2c(=O)c3c(O)c(OC)c(O)cc3n(C)c2c1OC,stable
TN1451,O=C1CC(C(=O)O)c2c1oc(=O)c1cc(O)c(O)c(O)c21,stable
TCFN92408,CNCCc1cc2c(cc1-c1cc3ccc4c(c3cn1)OCO4)OCO2,stable
NP-013398,C=CC(C)(C)c1cc2cc(CC=C(C)C)c(O)cc2oc1=O,stable
TN3207,COc1cc(O)c2c(c1)OC(c1ccc(OC)c(OC)c1)CC2=O,stable
TN1526,COc1cc2c(cc1OC)C1Cc3ccc(O)c(OC)c3CN1CC2,stable
TN1581,COc1cc(CC(C)C(C)Cc2ccc(O)c(OC)c2)ccc1O,stable
T2845,CC(C)=CCOc1c2occc2cc2ccc(=O)oc12,stable
TN3153,CC(=O)c1ccc2c(c1)C(=O)CC(C)(C)O2,unstable
TCFN91636,C=C1CCC23CC1C(C)(C)C2CCC3C,stable
TN1919,COc1cc(C2OCC3C(c4cc(OC)c(O)c(OC)c4)OCC23)ccc1O,stable
TN4097,COc1cc2occ(-c3ccc(O)cc3)c(=O)c2c(O)c1CC=C(C)C,stable
TCFN91888,CC1(C)C=Cc2c(cc(O)c3c(=O)c(O)c(-c4ccc(O)cc4)oc23)O1,stable
T4S1725,COc1ccc2c3c1OC1CC(O)C=CC31CCN(C)C2,stable
T5984,O=C(O)c1c[nH]c2ccccc12,stable
T6S1373,COc1ccc(-c2oc3cc(OC)c(OC)c(O)c3c(=O)c2OC)cc1O,stable
TN1146,CC(C)=CCc1c(O)cc(O)c2c1OC(c1ccc(O)cc1)CC2=O,stable
TN6788,COc1cc(O)c2c(=O)c(OC)c(-c3ccccc3)oc2c1,stable
NP-007307,O=C(CCc1ccc(O)cc1)c1ccc(O)cc1O,stable
TBBP00974,O=c1c2cc(O)ccc2oc2cccc(O)c12,stable
TCFN00476,CN1C2CCC1CC(OC(=O)C(O)c1ccccc1)C2,stable
TBBP05609,COc1ccc(-c2oc3cc(OC)c(OC)c(O)c3c(=O)c2O)cc1,stable
T0882,CC12CCC(CC1=O)C2(C)C,stable
TN2718,COc1ccc(CCC(=O)c2c(O)cc(O)cc2OC)cc1,stable
TN3235,Cc1cc2c(C(C)C)ccc(C)c2cc1O,stable
TN6748,COc1cccc(C=O)c1O,stable
T2912,CC(C)C(C)C=CC(C)C1CCC2C3=CC=C4CC(O)CCC4(C)C3CCC21C,stable
NP-021473,COc1cc(O)c(-c2coc3cc(O)ccc3c2=O)c(OC)c1CC=C(C)C,stable
TCFN95316,COc1ccc(C2CC(=O)c3c(cc(OC)c(OC)c3O)O2)cc1O,stable
TBBP03218,COc1cc2c(cc1O)-c1ccc(O)cc1OCC(O)(CO)C2,stable
TMA0600,O=C1c2ccc(O)cc2OC(c2cc(O)c(O)c(O)c2)C1O,stable
T3412,OCCc1ccc(O)c(O)c1,stable
TN2850,COc1ccc(CCC(=O)n2cccc2)cc1,stable
TN1690,CC1(C)C=Cc2c(O)ccc(C3=Cc4ccc(O)cc4OC3)c2O1,stable
TMA0017,COc1c(C)c(O)c2c(=O)cc(-c3ccc(O)cc3)oc2c1C,stable
T2784,CCOC(=O)c1c(C)cc(O)cc1O,stable
T2879,O=c1c(O)c(-c2ccc(O)c(O)c2)oc2cc(O)ccc12,stable
TN1583,O=C1c2c(O)cc(O)cc2OC(c2ccc(O)cc2O)C1O,stable
TN2736,COc1cc(O)c(C(C)=O)c(O)c1,unstable
TL0008,COc1cc(O)cc(CCc2ccc(OC)c(O)c2)c1,stable
TN1991,COc1ccc2c(cnc3c4cc5c(cc4ccc23)OCO5)c1OC,stable
T31934,CC1(C)C=Cc2c(O)ccc(-c3cc4ccc(O)cc4o3)c2O1,stable
TCFN00058,CC(N)C(=O)c1ccccc1,stable
TN2261,Cc1ccc2c(c1)C(=O)c1ccccc1C2=O,stable
TN1703,COc1cc2oc(=O)c(-c3ccc(O)cc3O)cc2c(OC)c1CC=C(C)C,stable
TN4023,COc1ccc(-c2cc(=O)c3c(O)c(C)c(OC)c(C)c3o2)cc1,stable
TCFN90118,COc1ccc(CC(=O)c2ccc(OC)cc2)cc1,stable
TCFN91705,COc1c2ccoc2c(OCC(=O)C(C)C)c2oc(=O)ccc12,stable
T2A2486,COc1cc(OC)c2c(=O)cc(-c3cc(OC)c(OC)c(OC)c3)oc2c1,stable
TN1274,C=CCc1ccc(O)c(O)c1,stable
TCFN92013,COc1ccc2c(c1)[nH]c1c(CCC(=O)O)nccc12,stable
STOCK1N-66631,COc1ccc(C(C)=O)cc1,unstable
TN2864,COc1cc(-c2oc3cc(OC)c(OC)c(OC)c3c(=O)c2OC)cc(OC)c1OC,stable
TN5086,COc1cc(-c2oc3cc(O)cc(O)c3c(=O)c2O)cc(OC)c1O,stable
TN2024,CC1(C)OC1COc1c2occc2cc2ccc(=O)oc12,stable
TCFN92651,CC1=C2C(=O)c3c(C)coc3CC2(C)C(O)CC1,stable
T2937,COc1cc(C2c3cc4c(cc3C(O)C3COC(=O)C23)OCO4)cc(OC)c1O,stable
T3S2072,CCCC=C1OC(=O)c2ccccc21,stable
TN4404,COc1ccc(-c2cc(=O)c3c(O)c(O)c(OC)cc3o2)cc1,stable
T2910,O=c1c(O)c(-c2ccccc2)oc2ccccc12,stable
TN2553,CCCCCCCCCCCc1cc(=O)c2ccccc2n1C,stable
TN6884,COc1cc(C)ccc1C(C)C,stable
T2837,O=c1cc(-c2ccccc2)oc2cc(O)cc(O)c12,stable
TN2082,COc1cc(O)c2c(c1)OC(c1ccccc1)CC2=O,stable
STOCK1N-51102,CCN1CC2CCC(OC)C34C2CC(C13)C1(O)CC(OC)C2CC4C1C2O,stable
TJA2448,COc1c(O)cc2oc(=O)ccc2c1OC,stable
TN3837,COc1ccc(-c2cc(=O)c3c(O)c(OC)c(O)cc3o2)cc1O,stable
TN1814,C=Cc1c(C)c(O)cc2c1-c1ccc(O)c(C)c1CC2,stable
TN2504,O=c1c2cccc(O)c2oc2cccc(O)c12,stable
TCFN95213,CC(C)=CCc1cc(-c2cc(=O)c3c(O)cc(O)cc3o2)ccc1O,stable
T2848,COc1ccc2ccc(=O)oc2c1CC=C(C)C,stable
TN2517,COc1cc2oc3ccc(O)cc3c(=O)c2c(O)c1OC,stable
TN4017,CCOC(=O)c1cc(OC)c(OC)c(OC)c1,stable
TN6947,Cc1cccc(O)c1C,stable
T3S0081,CC1(C)OC1COc1c2ccoc2cc2oc(=O)ccc12,stable
TN2080,COc1cc(C2OCC3C(c4ccc(O)c(OC)c4)OCC23)ccc1O,stable
TBBP06282,COc1cc2c(c(CO)c1OC)CC1c3c(cc4c(c3OC)OCO4)CCN1C2,stable
T5778,COc1cc(OC)c2c(=O)cc(-c3ccccc3)oc2c1,stable
TCFN70471,COc1cc(-c2cc(=O)c3c(O)c(OC)c(OC)c(OC)c3o2)cc(OC)c1OC,stable
TN3553,COc1cc(C(=O)C(O)CO)ccc1O,stable
T2889,COc1ccc(C=CC(=O)O)cc1O,stable
T5278,O=C(O)c1ccc(CO)o1,stable
TN1172,Cc1ccc2c(c1O)C(=O)c1ccccc1C2=O,stable
TN1863,CC(C)=CCc1c(O)ccc(-c2coc3cc(O)cc(O)c3c2=O)c1O,stable
T5750,COc1ccc2cc3n(c(=O)c2c1OC)CCc1cc2c(cc1-3)OCO2,stable
TCFN92793,COc1cccc(OC)c1C(=O)OCc1ccccc1,stable
TN1272,COc1ccc(C2CC(=O)c3c(O)cc(OC)cc3O2)cc1,stable
T6S0139,CC(C)=CCc1cc(-c2coc3cc(O)ccc3c2=O)ccc1O,stable
T32324,COc1cc2c(OC)c3c(c(-c4ccc5c(c4)OCO5)c2cc1OC)C(=O)OC3,stable
T4S1951,CCC1(O)C(=O)OCc2c1cc1n(c2=O)Cc2cc3cc(OC)ccc3nc2-1,stable
STOCK1N-76928,C=C(C)CCO,stable
TN1433,COc1cc(O)cc(CCc2cccc(O)c2)c1,stable
T2936,COc1cc(O)cc(OC)c1OC,stable
TCFN70215,O=C(O)c1ccc(O)cc1O,stable
T2729,COc1cc2ccc(=O)oc2cc1OC,stable
TN3632,CN1Cc2c(ccc3c2OCO3)C2C(O)Cc3cc4c(cc3C21)OCO4,stable
T28551,Cc1cccc2c3c(ccc12)C=C(C(C)C)C(=O)C3=O,stable
TN5434,COc1ccc(C2OC(c3ccc(OC)c(OC)c3)C(C)C2C)cc1OC,stable
TN3711,CC(C)=CCc1c(O)ccc2c(=O)cc(-c3ccc(O)c(O)c3)oc12,stable
T3341,C=CCc1cc(OC)c(OC)c(OC)c1,stable
T3056,COc1cc2c(cc1CC=C(C)C)C(=O)CC(c1ccc(O)cc1)O2,stable
TN2381,CC#Cc1ccc(C#CC#CC(O)CO)s1,stable
TN3666,CC=Cc1ccc(OC)c(OC)c1,stable
T1711,COc1ccc2c(c1)[nH]c1c(C)nccc12,stable
TN6756,CC(N)CC(=O)O,stable
TN1392,COc1cc(CC2COCC2Cc2ccc(O)c(OC)c2)ccc1O,stable
T5594,CC1CCC2C(C)(C)C3CC12CCC3(C)O,stable
TMO2787,O=C1c2ccccc2C(=O)c2ccccc21,stable
TN2022,COc1cc2c(cc1OC)-c1c(OC)c(OC)cc3ccnc(c13)C2=O,stable
TN2767,O=c1c(-c2ccc(O)cc2O)coc2cc(O)cc(O)c12,stable
T3818,COc1cc2oc(=O)ccc2c(OC)c1O,stable
TN3677,O=C1CCC(O)(CCO)CC1,stable
T40502,OCc1ccc(O)cn1,stable
T7920,CC(=O)CCC=C(C)CCC=C(C)C,stable
T20401,CC1C(O)CC2CC1C2(C)C,stable
T3030,O=C1CCCC2C3CCCN4CCCC(CN12)C34,stable
T29247,C=C1CCCC2(C)CCC(C(C)C)C(O)C12,stable
TBBP02717,COc1c2ccoc2nc2c(OC)c(O)ccc12,stable
TN2567,O=c1ccc2nccc3c4cc(O)ccc4n1c23,stable
AK-693/21087002,COc1cc(O)c(-c2c(C)cc(OC)c3c(OC)cccc23)c2c1C(C)NC(C)C2,stable
T3S1775,COc1cc(O)c2c(=O)cc(-c3ccccc3)oc2c1,stable
TN4991,CCCCC1OC(=O)C2=C1CCC=C2,stable
T15138,NC(Cc1ccc(O)c(O)c1)C(=O)O,stable
T10995,CC(=O)c1ccc2c(c1)C=CC(C)(C)O2,unstable
TN4714,COc1cc2c(=O)c3c(O)c(OC)c(O)cc3oc2cc1O,stable
T3319,O=c1cc(-c2ccc(O)cc2)oc2cc(O)c(O)c(O)c12,stable
TCFN92877,COc1cc(O)c(Cc2c(O)cc(OC)c(C(C)=O)c2O)c(O)c1C(C)=O,stable
TBBP04238,COc1ccc2c(c1)oc1c3ccc(O)cc3oc(=O)c21,stable
NP-002941,COc1ccc(-c2cc(=O)c3c(OC)c(OC)c(O)c(OC)c3o2)cc1OC,stable
T1693,O=c1ccc2ccc(O)cc2o1,stable
T13130,COc1cc(-c2ccc(O)cc2)c(OC)c(O)c1-c1ccc(O)cc1,stable
TCFN70413,COc1c(O)c(OC)c2oc(-c3ccc(O)cc3)c(OC)c(=O)c2c1O,stable
TN3465,CC1(C)C=Cc2c(cc(O)c3c(=O)cc(-c4ccc(O)cc4)oc23)O1,stable
T3806,COc1ccc(-c2oc3cc(O)cc(O)c3c(=O)c2O)cc1,stable
T3865,C=C1CCCC2(C)CCC(C(C)(C)O)CC12,stable
TN3762,CC1=C(O)C(=O)c2c(ccc3c(C)cccc23)C1=O,stable
TCFN92557,COc1cc2c(c(OC)c1O)C(=O)c1ccccc1C2=O,stable
TCFN70082,C=C(C)C1CCC(C)C(OC(C)=O)C1,stable
STOCK1N-40115,COc1ccc(-c2coc3cc(O)ccc3c2=O)cc1OC,stable
T2852,COc1cc(OC)c2ccc(=O)oc2c1,stable
TN1024,CC(=O)OCc1cocc2c(C=O)ccc1-2,stable
T4S0794,COc1cc2c(cc1O)CCN1Cc3c(ccc(OC)c3OC)CC21,stable
TN2719,COc1cc(O)cc(O)c1C(C)=O,unstable
T35023,CC(C)C1CCC2(C)CCCC(=O)C2(C)C1,stable
T8014,C=CC1(C)CCC(C(C)(C)O)O1,stable
T3869,O=c1ccc2ccc(OC3OC(CO)C(O)C(O)C3O)cc2o1,stable
T2856,Oc1cc(O)c2c(c1)OC(c1ccc(O)c(O)c1)C(O)C2,stable
T2841,CC1=CC(=O)c2c(O)cccc2C1=O,stable
TN2010,COc1cc(O)c2c(=O)c(O)c(-c3ccc(OC)c(O)c3)oc2c1,stable
TN3866,COc1cc(CCCO)cc(OC)c1O,stable
TN4748,COc1cc2oc(-c3ccc(O)cc3)c(OC)c(=O)c2c(O)c1OC,stable
TBBP05779,COc1c(O)cc2c3c1COc1cc(O)cc(c1-3)CC2,stable
T8058,C=CCC(C)C(=O)O,stable
T5231,CC(CC(=O)O)C(=O)O,stable
NP-017381,COc1cc(C=CCO)cc2c1OCO2,stable
NP-000814,O=C(CCCCc1ccc(O)cc1)CCc1ccc(O)cc1,stable
N025-0014,COc1cc(O)c2c(=O)c3c(OC)c(OC)ccc3oc2c1,stable
STOCK1N-66734,O=C1CCCCCCCCCCC1,stable
TBBP05819,COc1ccc(-c2oc3cc(OC)c(OC)c(O)c3c(=O)c2OC)cc1,stable
TN3468,CC(C)=CCCC1(C)C=Cc2cc(O)cc(C)c2O1,stable
TN2846,COc1cc(-c2cc(=O)c3c(OC)c(OC)c(OC)cc3o2)cc(OC)c1OC,stable
TJS2190,CC(Cc1ccc(O)c(O)c1)C(C)Cc1ccc(O)c(O)c1,stable
T7907,COc1ccc2c(=O)cc(-c3ccccc3)oc2c1,stable
TN6846,Cc1c(O)cc2occ(Cc3ccc4c(c3)OCO4)c(=O)c2c1O,stable
TCFN95386,COc1ccc(C2COc3cc(O)ccc3C2)c(OC)c1O,stable
T3S0057,COc1ccc2c(c1OC)CN(C)c1c-2ccc2cc3c(cc12)OCO3,stable
T2909,COc1cc2ccc(=O)oc2c(O)c1O,stable
TN1693,CC1(C)C=Cc2c(ccc(-c3coc4cc(O)ccc4c3=O)c2O)O1,stable
STOCK1N-28619,COc1ccc2c(c1OC)C(=O)OC2,stable
T5224,CCCCC(O)C(=O)O,stable
TN3633,COc1ccc2c(c1OC)C(=O)N1CCc3cc4c(cc3C(=O)C21O)OCO4,stable
STOCK1N-75765,Cn1ccc(=O)c2ccccc21,stable
TN3009,CC(C)=CCc1c(O)cc2oc(-c3ccc(O)cc3)cc(=O)c2c1O,stable
TN3800,COc1cc2c(cc1OC)-c1c(oc3c4c(ccc3c1=O)OC(C)(C)C=C4)CO2,stable
T5526,Cc1cc2c(cc1O)[nH]c1ccc3c(c12)C=CC(C)(C)O3,stable
TN1778,COc1ccc2c(=O)c(-c3ccc(O)cc3)coc2c1,stable
TBBP06069,COc1cc(O)c2c(=O)cc(CO)oc2c1,stable
TMA0395,Cc1cccc2c3c(ccc12)C(=O)C1=C(OCC(C)C1(C)CO)C3=O,stable
TN4332,Cc1coc2c1C(=O)C(=O)c1ccc3c(C)cccc3c1-2,stable
T2907,Cc1coc2c1C(=O)C(=O)c1c-2ccc2c(C)cccc12,stable
T16846,COc1c(O)cc2c3c(cc4ccccc4c13)N(C)C2=O,stable
TN1275,COc1ccc(C(=O)OCCc2ccc(O)cc2)cc1,stable
T2A2524,COc1ccc(C=O)c(O)c1,stable
TN3046,Cc1ccc2c(c1CCCC(C)(C)O)C(=O)C(O)=C(C(C)C)C2=O,stable
STOCK1N-54872,CC=Cc1ccc(OC)c(O)c1,stable
TBBP01795,O=C1OC(c2ccc(O)cc2)Cc2cc(O)cc(O)c21,stable
TN4062,Oc1cc2c3c(c1)COc1cc(O)cc(c1-3)CC2,stable
T7113,CCCCCCCC(=O)CCc1ccc(O)c(OC)c1,stable
TN1300,COc1cc2oc(CCc3ccccc3)cc(=O)c2cc1OC,stable
TN4665,CC1(C)C=Cc2c(c(O)cc3ccc(=O)oc23)O1,stable
TN5906,COc1cc2oc3ccccc3c(=O)c2cc1OC,stable
TCFN92698,COc1cc2oc(-c3ccc(O)c(O)c3)c(O)c(=O)c2c(O)c1OC,stable
NP-023297,Oc1ccc(Cc2ccc(O)c(Cc3ccc(O)cc3)c2)cc1,stable
T3748,Cc1cc(O)cc(O)c1,stable
TN6710,COC(=O)c1ccccc1OC(C)=O,unstable
TCFN91745,CC(=O)Oc1ccccc1C(=O)O,unstable
TCFN92510,COc1cc(O)cc2oc(-c3ccc(O)cc3)c(O)c(=O)c12,stable
TN6806,CC(C)C(=O)c1c2c(c3oc(=O)cc(-c4ccccc4)c3c1O)C=CC(C)(C)O2,stable
Fr12415,CCOC(=O)Cc1ccc(O)cc1,stable
T32591,COc1ccc2c(c1O)-c1c3c(cc4c1C(C2)NCC4)OCO3,stable
TBBP00387,CC(C)=CCc1c(O)cc(O)c2c(=O)c3cccc(O)c3oc12,stable
NP-002848,COC(=O)c1cccc(O)c1,stable
AC-542/21092014,COc1ccc(-c2coc3cc(O)c(O)cc3c2=O)cc1,stable
TN1517,COc1cccc(OC)c1C(=O)CCc1ccc(O)cc1,stable
TN1864,CC1(C)C=Cc2c(ccc(-c3coc4cc(O)cc(O)c4c3=O)c2O)O1,stable
TMA2386,Oc1ccc(Cc2ccc(O)cc2)cc1,stable
TN2766,O=c1c(-c2ccc(O)cc2O)coc2cc(O)ccc12,stable
T3373,CC=C(C)C(=O)OC(C)(C)C1Cc2c(ccc3ccc(=O)oc23)O1,stable
T20309,COc1ccc(CO)cc1,stable
T32056,Cc1cc(O)c2c(C=O)c(O)c(O)c(C(C)C)c2c1,stable
TN1347,CC(C)=CCc1c(O)cc(O)c2c(=O)c(O)c(-c3ccc(O)cc3)oc12,stable
T37345,O=c1ccc2c(O)cc(O)cc2o1,stable
NP-000442,COc1c(-c2ccc(O)cc2)oc2cc(O)cc(O)c2c1=O,stable
TBBP02289,COc1ccc(CCCc2ccc(O)cc2)c(O)c1,stable
TN4239,Cc1coc2c1C(=O)C(=O)c1c-2ccc2c1C(O)CCC2(C)C,stable
TBBP06346,O=c1c(-c2ccc3c(c2)OCO3)coc2cc(O)ccc12,stable
TBBP05723,COc1cc2c(c3oc(=O)ccc13)C=CC(C)(C)O2,stable
TN2418,CC(=O)Cc1cc(O)cc2oc(C)cc(=O)c12,unstable
TN1069,O=c1oc2cc(O)ccc2c2oc3cc4c(cc3c12)OCO4,stable
TCFN70415,COc1cc(-c2oc3c(OC)c(O)c(OC)c(O)c3c(=O)c2OC)ccc1O,stable
T2215,COc1cc(C=CC(=O)O)ccc1O,stable
TN4875,COc1cc(-c2oc3cc(O)cc(O)c3c(=O)c2OC)ccc1O,stable
TN3507,COC(=O)C1C(O)CCC2CN3CCc4c([nH]c5ccccc45)C3CC21,stable
TCFN70382,COc1ccc2oc3cc(O)cc(O)c3c(=O)c2c1,stable
TN1120,CC(C)=CCc1c(O)ccc2ccc(=O)oc12,stable
TCFN93694,O=c1c(-c2ccc(O)cc2)coc2cc3c(c(O)c12)OCO3,stable
T30445,C1CCC(C2CCCCC2)CC1,stable
T8168,CC(=O)OCCc1ccc(O)c(O)c1,unstable
NP-022525,COc1cc2c(cc1O)CCc1cc(O)cc(OC)c1-2,stable
T5774,CC(C)=CCc1cc2ccc(=O)oc2cc1O,stable
TN4279,CC1(C)C=Cc2cc(-c3coc4cc(O)cc(O)c4c3=O)ccc2O1,stable
TN1365,CCC(=O)C1=C(O)C(C)(C)C(O)=C(CC2=C(O)C(C)(C)C(O)=C(C(C)=O)C2=O)C1=O,unstable
T19931,O=c1c2cc(O)ccc2oc2cc(O)cc(O)c12,stable
TN4280,Cn1c2ccccc2c(=O)c2ccoc21,stable
TN2787,COC1=Cc2cccc3ccc(-c4ccccc4)c(c23)C1=O,stable
T2949,O=C1c2ccccc2C(=O)c2c1ccc(O)c2O,stable
TN3834,CC1(C)C=Cc2c(cc(O)c3c(=O)c(-c4ccc(O)cc4)coc23)O1,stable
TCFN91578,Oc1ccc(C2=Cc3ccc(O)cc3OC2)cc1,stable
NP-013357,COc1cc2oc(=O)ccc2c(OC)c1OC,stable
TN1264,COc1cccc(CCc2cc(O)cc(OC)c2)c1,stable
TN2444,COc1cc(O)cc(CCc2ccccc2O)c1,stable
TN1922,COc1ccc2ccc(=O)oc2c1CC(O)C(C)(C)O,stable
NP-017379,O=C(OCC1OC(Oc2ccccc2CO)C(O)C(O)C1O)c1ccccc1,stable
TN3274,COc1cc2oc(-c3ccc(O)cc3)cc(=O)c2c(O)c1C,stable
TBBP05845,COc1ccc2c([nH]c3cc(O)c(C)cc32)c1CC=C(C)C,stable
T5690,COc1ccc(-c2cc(=O)c3c(O)cc(OC)cc3o2)cc1,stable
T8207,COc1ccc2c(OC)c3ccoc3nc2c1,stable
TN3986,COc1cc(O)c2c(c1)OC(c1ccc(O)c(OC)c1)CC2=O,stable
T3273,COC(=O)c1cc(OC)c2c(c1-c1c(C(=O)OC)cc(OC)c3c1OCO3)OCO2,stable
TN1601,C=Cc1cc(O)cc2c1-c1ccc(O)c(C)c1CC2,stable
TCFN92231,CC1(C)C=Cc2cc3c(=O)c(-c4ccc(O)cc4)coc3cc2O1,stable
T8194,O=c1c(-c2ccccc2)coc2ccccc12,stable
T32744,COc1c2c(cc3oc(=O)c(-c4ccc(O)cc4O)cc13)OC(C(C)(C)O)C2,stable
TBBP06300,Cc1cc2c(C)coc2c2c1CCCC2C,stable
TN3909,COc1cc(O)c(C)c(O)c1C(C)=O,unstable
T5S2283,c1cc2c(cc1OC1OCC3C(c4ccc5c(c4)OCO5)OCC13)OCO2,stable
T3405,CCCCCC(O)CC(=O)CCc1ccc(O)c(OC)c1,stable
TN4633,CC(C)C1=C(O)C(=O)c2c(ccc3c2CCCC3(C)C)C1=O,stable
TN3179,Cc1c(O)cc2occ(-c3ccc(O)cc3)c(=O)c2c1O,stable
T3369,COc1cc2c3c(c1OC)-c1ccccc1CC3N(C)CC2,stable
T8246,COc1ccc(-c2cc(=O)c3ccccc3o2)cc1,stable
AP-123/40765222,COc1cc2c(cc1O)CN(C)CC2,stable
T2859,COc1ccc(-c2coc3cc(O)cc(O)c3c2=O)cc1,stable
T37101,O=C1c2ccccc2C(=O)c2c(O)cccc21,stable
TBBP00100,O=C(O)CCc1nccc2c1[nH]c1ccccc12,stable
T7051,COc1cc2oc(-c3ccccc3)cc(=O)c2c(OC)c1OC,stable
TN2583,O=c1ccc2nccc3c4c(O)cccc4n1c23,stable
NP-025031,COc1c(CC=C(C)C)c(O)cc2c1C1Oc3cc(O)c(CC=C(C)C)cc3C1CO2,stable
T1125,CC(C)=CCC(O)C1=CC(=O)c2c(O)ccc(O)c2C1=O,stable
STOCK1N-34153,OC1c2ccccc2N=C2CCCN21,stable
TN3575,CCCCCc1cc(O)c2c(c1)OC(C)(CCC=C(C)C)C=C2,stable
TBBP04826,COc1cc(O)c(C(=O)c2ccc(O)cc2)c(O)c1,stable
TBBP02290,COc1cc(O)ccc1CCCc1ccc(O)cc1,stable
TN6707,COC(=O)c1ccc(O)cc1O,stable
T2843,O=C1c2cccc(O)c2C(=O)c2c(O)cc(CO)cc21,stable
T20472,C=CCc1ccccc1O,stable
TN1577,COc1cc2c(cc1OC)-c1c3c(cc4c1C(C2)N(C)CC4)OCO3,stable
TBBP00398,O=C1CC(c2c(O)cccc2O)Oc2cc(O)cc(O)c21,stable
T7035,O=C(O)c1ccc2c(c1)C(=O)c1ccccc1C2=O,stable
TN1360,COc1ccc(-c2coc3cc(O)c(OC)cc3c2=O)cc1,stable
TN1839,COc1cc(O)c2c(=O)c(OC)c(-c3ccc(O)cc3)oc2c1,stable
TN1551,Cc1cccc2c3c(ccc12)C(=O)C(C(C)C)=C(O)C3=O,stable
TN6383,Oc1ccc(CCC(O)CC(O)CCc2ccc(O)cc2)cc1,stable
TBBP06272,CCOC(=O)c1ccc(O)c(O)c1,stable
TN1771,COc1cc(O)c2c(=O)c(O)c(-c3ccc(O)cc3)oc2c1CC=C(C)C,stable
TN4870,CC1=Cc2c(c(C)cc3occ(C)c23)CC1,stable
NP-002175,COc1ccn(C)c(=O)c1C#N,stable
TN1897,CC(C)=CCc1c(O)cc2occ(-c3ccc(O)cc3O)c(=O)c2c1O,stable
NP-017523,OCCCc1ccc(O)cc1,stable
TN3997,CC(C)(O)C1Cc2c(cc3occ(-c4ccc(O)cc4)c(=O)c3c2O)O1,stable
T3019,COc1cc(O)c2c(c1)C(=O)c1cc(C)cc(O)c1C2=O,unstable
TN3673,O=Cc1cc(O)c2[nH]c3ccc(O)cc3c2c1,stable
TCFN92536,O=C1c2ccccc2C(=O)c2c1ccc(CO)c2O,stable
TN5888,COc1cc2oc(=O)ccc2c(OC)c1CC=C(C)C,stable
T26591,C=CCc1ccc2c(c1)OCO2,stable
TN1276,COc1c(O)cc(O)c2c(=O)cc(-c3ccc(O)cc3)oc12,stable
TN1588,Cc1cccc2c3c(ccc12)C(=O)C1=C(OCC1C)C3=O,stable
TN1875,O=C1c2ccccc2-c2c3c(cc4ccnc1c24)OCO3,stable
TCFN70355,Cc1cc2cc3c(C)cc(=O)oc3c(C)c2o1,stable
T2890,CN(C)CCc1ccc(O)cc1,stable
NP-001209,COc1c(-c2ccccc2)oc2c(OC)c(O)cc(O)c2c1=O,stable
T4114,COc1cc(C)c(C(=O)Oc2cc(C)c(C(=O)O)c(O)c2C)c(OC)c1C,stable
TN2257,Cc1coc2c1C(=O)C(=O)c1c-2ccc2c1CCCC2(C)CO,stable
TN2891,COc1cc(-c2oc3cc(O)cc(O)c3c(=O)c2O)cc(OC)c1OC,stable
T32605,C=C(C)C(CC=C(C)C)COC(C)=O,unstable
TN1462,COc1cc(O)c2c(=O)c(-c3ccc(O)cc3O)coc2c1,stable
TN6848,O=C(O)c1ccc2c(c1)OCO2,stable
TBBP05996,COc1cc(O)c2c(=O)c3cccc(O)c3n(C)c2c1OC,stable
NP-025444,COc1cc(-c2cc(=O)c3c(OC)cc(OC)c(OC)c3o2)cc(OC)c1OC,stable
TCFN92021,Cc1coc2c1C(=O)C(=O)c1c-2ccc2c1CCCC2(C)O,stable
TBBP06239,COc1cc2nc3occc3c(OC)c2cc1OC,stable
TN7087,COC1=CC(=O)C(OC)=CC1=O,stable
TN3096,COc1c(O)c(OC)c2oc(-c3ccccc3)cc(=O)c2c1O,stable
TN2537,COc1ccc2c3c(O)cnc4ccc(=O)n(c2c1)c43,stable
TN2707,O=C(CCc1ccc(O)cc1O)c1ccc(O)cc1,stable
T19934,C=Cc1ncc(OC)c2c1[nH]c1c(OC)cccc12,stable
TN4272,CC(C)=CCc1c(O)cc2occ(-c3ccc4c(c3)C=CC(C)(C)O4)c(=O)c2c1O,stable
T5S2347,CC(C)=CCCC1=CC(=O)c2c(O)ccc(O)c2C1=O,stable
T5S1805,O=c1ccoc2cc(O)cc(O)c12,stable
TN4871,Cc1cc(O)ccc1O,stable
TCFN92686,COc1cc(Cc2ccc(CCc3ccccc3)o2)ccc1O,stable
TN2148,COc1cc(O)c2c(=O)c(OC)c(-c3ccc(OC)c(OC)c3)oc2c1,stable
T5603,O=C(O)c1ccccc1C(=O)O,stable
T2900,COc1ccc(C(C)=O)c(O)c1,unstable
TN5905,COc1cc2c(=O)c3ccccc3oc2c(O)c1OC,stable
T2S0843,COc1cc2oc(-c3ccccc3)cc(=O)c2c(O)c1O,stable
TCO2745,Nc1ncnc2c1ncn2C1OC2COP(=O)(O)OC2C1O,stable
TCFN70024,CCCCCCC(C)=O,unstable
T2S1397,COc1cc2c(cc1O)C1Cc3ccc(O)c(OC)c3CN1CC2,stable
TCFN91738,COCc1c(CO)cnc(C)c1O,stable
TBBP06249,COc1cc2c3c(cc4ccccc4c3c1OC)N(C)C(=O)C2=O,stable
T29470,C=CCc1cccc(C)c1O,stable
TN3694,COc1cc(C=CC=O)ccc1O,stable
TN1992,Cc1cc(=O)c2c(O)cc(O)cc2o1,stable
TCFN93103,CC(=O)CC(=O)c1ccccc1,stable
T10153,C=CCc1ccc(O)c(-c2ccc(OC)c(CC=C)c2)c1,stable
TBBP05872,COc1cc2[nH]c3c4c(c(C)cc3c2cc1OC)OC(C)(C)C=C4,stable
T0809,O=c1oc2ccccc2c(O)c1Cc1c(O)c2ccccc2oc1=O,stable
T2942,O=c1ccc2cc3ccoc3cc2o1,stable
TBBP06401,O=C1c2c(O)cc(O)cc2OC1(O)Cc1ccc(O)cc1,stable
T4S0969,COc1c(O)c(C)cc2c1C(=O)c1c(O)cccc1C2=O,stable
TN3420,Oc1ccc2c(c1)OCc1c-2oc2cc(O)ccc12,stable
T3744,COc1ccc(C(=O)O)cc1OC,stable
TN3292,CC(C)=CCc1c(O)ccc2c(=O)c(-c3ccc(O)cc3)coc12,stable
TBBP05817,COc1cc(-c2oc3cc(OC)c(O)c(O)c3c(=O)c2OC)ccc1O,stable
T2858,O=c1cc(-c2ccccc2)oc2cc(O)c(O)c(O)c12,stable
TN4371,COc1ccc(-c2oc3cc(OC)cc(OC)c3c(=O)c2O)cc1,stable
STOCK1N-57874,C=CC(C)(CCC=C(C)C)OC(=O)CC,stable
TN4459,CC1CC2C3=CCCN4CCCC(C(O)C2O)C34C1,stable
TN1419,COc1cc(O)c2c(=O)c(O)c(-c3ccc(O)c(O)c3)oc2c1,stable
T4S2012,CN1Cc2c(ccc3c2OCO3)-c2ccc3cc4c(cc3c21)OCO4,stable
TN3041,NC(=O)c1ccc(O)cc1,stable
T2933,COc1c(O)cc(O)c2c(=O)cc(-c3ccccc3)oc12,stable
T4716,O=C(O)c1ccc[nH]1,stable
STOCK1N-27239,COc1ccc2c(=O)cc(-c3ccc(OC)c(OC)c3)oc2c1,stable
TCFN92223,CC1(C)CCc2cc(-c3coc4cc(O)ccc4c3=O)ccc2O1,stable
TJS0405,O=C1c2ccccc2C(=O)c2c1cc(O)c(CO)c2O,stable
NP-010035,CC(C)=CCn1cnc(N)c2ncnc1-2,stable
T9327,O=C1CCCCCCCCCCCCCCO1,stable
TN5178,COC(=O)C1(C)CCCc2c1ccc1c2C(=O)C(=O)C2=C1OCC2C,stable
TN2383,CC#Cc1ccc(-c2ccc(C(O)CO)s2)s1,stable
TN6705,Cn1c(-c2ccc3c(c2)OCO3)cc(=O)c2ccccc21,stable
TN1436,COC(=O)Cc1ccc(O)cc1,stable
TN2518,COc1cc2oc3ccc(O)cc3c(=O)c2c(O)c1CC=C(C)C,stable
TBBP05574,O=c1c2cc(O)ccc2oc2ccc(O)cc12,stable
TMA0805,O=C1CCCC2C3CC(CN12)C1CCCCN1C3,stable
TN4529,COC(=O)c1ccc2[nH]c3ccccc3c2c1,stable
TBBP06056,C=C(C)C1Cc2c(cc3oc(CO)cc(=O)c3c2O)O1,stable
AP-122/04408061,CC1=NCCc2c1[nH]c1ccccc21,stable
TN3380,CC(C)=CCc1c2occc2c(O)c2ccc(=O)oc12,stable
TN2438,COc1cc(OC)c2c(ccc3cc(OC)c(O)cc32)c1,stable
T5744,CC(C)=CCOc1ccc2ccc(=O)oc2c1,unstable
TN1103,COc1cc2c(O)c3c(c(-c4ccc5c(c4)OCO5)c2cc1OC)C(=O)OC3,stable
STOCK1N-76982,CC(=O)CC(C)(C)O,stable
T5557,CCCOC(=O)c1ccc(O)cc1,stable
T7059,CC1CCC2C(C)C(O)OC3OC4(C)CCC1C32OO4,stable
T5S0053,c1c2c(cc3c1OCO3)-c1cc3ccc4c(c3c[n+]1CC2)OCO4,stable
T0433,CC1CCC2C(C)C(OC(=O)CCC(=O)O)OC3OC4(C)CCC1C32OO4,stable
TN2534,COc1cc2oc3c(OC)cccc3c(=O)c2c(O)c1OC,stable
T8016,CNCc1ccccc1,stable
TN4992,CCCCC1(O)OC(=O)C2=C1CCC=C2,stable
T1516,COc1cc(C=CC(=O)CC(=O)C=Cc2ccc(O)c(OC)c2)ccc1O,stable
TN2417,COC(=O)c1c(O)c2ccccc2c2occc12,stable
TN4429,CC1=CC(=O)C2=C(C)CCC3C(C)C(=O)OC3C12,stable
T3343,COc1cccc2oc(-c3ccccc3)cc(=O)c12,stable
TN2151,COc1cc(O)c2c(=O)c(O)c(-c3ccc(O)cc3)oc2c1,stable
T21444,O=c1c(-c2ccccc2)c1-c1ccccc1,stable
T4789,O=C(O)c1ccc2ccccc2c1O,stable
TCFN92335,COc1cc2c(cc1OC)C(=O)N(C)CC2,stable
TCFN70278,COc1cc(-c2oc3c(OC)c(O)cc(O)c3c(=O)c2OC)ccc1O,stable
T30435,C=C(C)C1CCC(C)(O)CC1,stable
TBBP01273,COc1cc(-c2cc(=O)c3c(O)c(OC)c(OC)cc3o2)cc(OC)c1O,stable
T0479,O=c1cccc2n1CC1CNCC2C1,stable
TCFN91989,CC1=C(O)c2cccc(O)c2C(=O)C1=O,stable
TN2357,COc1cc(-c2coc3cc(O)c(OC)c(O)c3c2=O)ccc1O,stable
0080-0056,CC1(C)Oc2ccc3ccc(=O)oc3c2CC1O,stable
PDK0060,CN1C2CCC1CC(O)C2,stable
T21098,C[Si]1(C)O[Si](C)(C)O[Si](C)(C)O[Si](C)(C)O[Si](C)(C)O1,stable
TCS1372,COC(=O)c1c(C)cc(O)c(C)c1O,stable
STOCK1N-51728,CC(=O)C1CCC2C3CCC4CC(O)CCC4(C)C3C(=O)CC12C,stable
NP-000616,COc1cc(O)cc2occ(-c3ccc(O)cc3)c(=O)c12,stable
T6368,CC(C=CC1(O)C(C)=CC(=O)CC1(C)C)=CC(=O)O,stable
TCS1704,COc1ccc(-c2oc3cc(OC)c(OC)c(O)c3c(=O)c2OC)cc1OC,stable
TN4238,O=C1C(O)=Cc2cccc3ccc(-c4ccc(O)cc4)c1c23,stable
TN6930,COc1ccc(-c2cc(=O)c3c(O)c(OC)c(OC)cc3o2)cc1OC,stable
TN1568,CC1CCC2C(C)C(=O)OC3OC4(C)CCC1C32O4,stable
TBBP06522,CC(C)c1cc2c(cc1O)C1(C)CCCC(C)(C)C1C=C2,stable
TN1391,C=C(C)C1Cc2c(ccc3ccc(=O)oc23)O1,stable
T2972,O=c1c2ccccc2nc2n1CCc1c-2[nH]c2ccccc12,stable
TN1855,COc1cc2c(cc1O)CC1NCCc3cc(O)c(OC)c-2c31,stable
TCFN95320,COc1cc(CCc2ccccc2O)cc(OC)c1OC,stable
T0021,CCC(=O)c1ccc(O)cc1,stable
AK-198/11618045,COc1ccc(CC2c3cc(OC)c(OC)cc3CCN2C)cc1O,stable
TN3740,CC(C)=CC1Oc2cc(O)ccc2-c2oc3cc(O)cc(O)c3c(=O)c21,stable
T5720,COc1cc2c(cc1O)CC1c3c(cc(O)c(OC)c3-2)CCN1C,stable
TN1369,CC(C)=CCc1c2ccoc2c(O)c2oc(=O)ccc12,stable
T5558,O=C(O)c1cc(=O)cc(C(=O)O)o1,stable
TN4234,O=C1OC(c2ccc(O)cc2)Cc2cccc(O)c21,stable
TN2549,COC(=O)c1nccc2c1[nH]c1ccccc12,stable
TCFN92205,COc1c(O)c2nccc3c4ccccc4n(c1=O)c23,stable
T4S0818,CCN1CC2(COC)CCC(OC)C34C5CC6C(OC)CC(O)(C5C6O)C(C(OC)C23)C14,stable
T1323,COC1OC2OC3(C)CCC4C(C)CCC(C1C)C24OO3,stable
TN6825,COc1cc(C)cc(OC)c1OC,stable
TCFN92198,CC(C)=CCCC1(C)C=Cc2c(ccc3c2[nH]c2ccc(C)cc23)O1,stable
TN3023,O=C1c2c(O)cc(O)cc2OCC1Cc1ccc(O)cc1,stable
TQ0288,COc1cc(CCC(=O)CC(O)CCc2ccc(O)c(OC)c2)ccc1O,stable
T5615,CC(=O)OCc1ccccc1,stable
NP-011308,COc1cc(O)c2c(c1)CC(C)OC2=O,stable
T7962,O=C(O)c1ccc(=O)oc1,stable
TN1901,Oc1ccc2c(c1)OCC1c3cc4c(cc3OC21)OCO4,stable
TN3215,Cc1c(O)ccc2c1OC(c1ccc(O)cc1)CC2,stable
TN2004,COc1cc2c(c(O)c1OC)C(=O)c1c(cc(C)c(O)c1OC)C2=O,stable
T31102,COc1cc2c(cc1OC)C(=O)Cc1ccc3c(c1CN(C)CC2)OCO3,stable
TN5726,COc1cc(O)c(C(=O)c2ccccc2O)cc1O,stable
TN1689,CC(C)=CCc1c(O)cc(O)c2c1OC(c1ccccc1)CC2=O,stable
TN1549,COc1c(C=O)c(O)cc2c1C(=O)c1ccccc1C2=O,stable
TN1768,O=C(c1ccc(O)cc1)c1c(O)cc(O)cc1O,stable
TN4874,CC(C)(O)C1Cc2cc3ccc(=O)oc3c(O)c2O1,stable
TBBP06157,COC(CCc1ccc(O)cc1)CC(=O)CCc1ccccc1,stable
NP-001082,CC(C)=CCc1cc(-c2coc3c(CC=C(C)C)c(O)ccc3c2=O)ccc1O,stable
NP-008926,COc1c(O)cc2oc(-c3ccc(O)cc3)c(OC)c(=O)c2c1O,stable
NP-015157,COc1cc2c(c(OC)c1CC=C(C)C)CC(c1ccc(O)c(CC=C(C)C)c1O)CO2,stable
T5550,CCC(C)(O)C(=O)O,stable
TN3806,COc1c2c(cc(O)c1CC=C(C)C)OCC(c1ccc(O)cc1O)=C2,stable
TN1237,COc1cc(C(=O)O)cc(O)c1O,stable
TN1717,O=C(O)C1=CCCNC1,stable
TN6847,CC(C)=C1CCC(C)C2=C(C1)C(C)CC2,stable
T4S2354,COc1cc2ccc(=O)oc2c(OC)c1OC,stable
TBBP05894,C=C(C)C(O)CCC1(C)C=Cc2c(c(C)cc3c2[nH]c2ccccc23)O1,stable
T6S1784,Oc1ccc2c(c1)OCC1(O)Cc3cc(O)c(O)cc3C21,stable
T28122,CC1(C)C2CC=C(C=O)C1C2,stable
T3S0006,COC(=O)C=Cc1ccc(O)c(OC)c1,stable
TN1305,CCOC1c2c(ccc3c2OCO3)-c2ccc3cc4c(cc3c2N1C)OCO4,stable
TC0022,c1ccc2c(c1)CN1CCCC1=N2,stable
0080-0015,CC1(C)Oc2ccc3ccc(=O)oc3c2CC1=O,stable
TN3541,COc1ccc(CCCc2ccc(OC)c(O)c2)c(O)c1,stable
TBBP05720,CC1(C)C=Cc2c(ccc3ccc(=O)oc23)O1,stable
T2797,COc1ccc2c(c1)=NC1=C(C)NCCC=21,stable
NP-003453,Cc1cc2cc(O)cc(O)c2c(=O)o1,stable
TCFN92109,COc1c(O)c(C)cc2c1C(=O)c1ccccc1C2=O,stable
T2906,Cc1coc2c1C(=O)C(=O)c1c-2ccc2c1CCCC2(C)C,stable
T5646,O=C(O)C=Cc1ccccc1,stable
T8243,C=C(C)C1CCC(C)C(O)C1,stable
T8072,CSCC(N)C(=O)O,stable
T19687,S=C=NCCc1ccccc1,stable
T5S0045,COc1cc2ccc(=O)oc2c(OC)c1O,stable
TN2032,COc1cc(O)c2c(=O)c(OC)c(-c3ccc(O)c(OC)c3)oc2c1,stable
TN1207,Oc1ccc2c(c1)CCc1cc(O)cc(O)c1-2,stable
TN1930,C=C1CCCc2c1ccc1c2C(=O)C(=O)c2c(C)coc2-1,stable
NP-014207,COc1cc2c(cc1OC)C1(Cc3ccc4c(c3C1O)OCO4)N(C)CC2,stable
TN4595,C=C(C)C(O)C(OCC)c1c(OC)ccc2ccc(=O)oc12,stable
TN2538,Cn1c2ccccc2c(=O)c2c(O)cccc21,stable
TN2690,O=c1c(O)c(-c2ccccc2O)oc2cc(O)cc(O)c12,stable
TN4560,CC(=O)CC1CCCCN1C,stable
TN2465,C=C(C)C1Cc2c(cc(O)c3c(=O)c4c(oc23)COc2cc(OC)c(OC)cc2-4)O1,stable
T6S0413,COc1ccc(-c2cc(=O)c3c(O)c(OC)c(O)cc3o2)cc1,stable
TN3810,COc1cc2cc(C(C)(C)O)oc2c2c1C=COC=C2,stable
TN1783,CC(C)=CCc1cc(-c2oc3cc(O)cc(O)c3c(=O)c2O)ccc1O,stable
AK-693/21087020,C=CC(C)(C)c1c2c(c(O)c3ccc(=O)oc13)C(=O)CC(C)(C)O2,stable
TN1154,COc1c(O)cc2oc(-c3ccc(O)c(O)c3)cc(=O)c2c1O,stable
T0762,CC=Cc1ccc(OC)cc1,stable
T0632,COc1cc(C(=O)O)cc(OC)c1OC,stable
TN1929,COC(=O)C=Cc1cc(OC)c(O)c(OC)c1,stable
TBBP06127,O=C(C=CCCc1ccccc1)CCc1ccccc1,stable
TQ0176,COc1cc2c(cc1O)C1Cc3ccc(OC)c(OC)c3CN1CC2,stable
T7032,COc1ccc(-c2cc(=O)c3c(O)c(OC)c(OC)cc3o2)cc1O,stable
STOCK1N-51374,C=C1C(O)CC2CC1C2(C)C,stable
TN6094,O=C(O)c1cc2c([nH]c3ccccc32)c(-c2ccc(CO)o2)n1,stable
STOCK1N-73934,O=C(O)CCCCCCCCCCc1ccccc1,stable
TCFN91901,CC(C)=CCc1c(O)cc2oc(-c3ccc(O)cc3O)cc(=O)c2c1O,stable
TN3607,CC1(C)CC=C(C2OC(=O)c3ccccc32)C(=O)O1,stable
TCFN92182,Cc1ccc2cc(C(C)C)c(O)c3c2c1C=C(C(=O)C(C)C)O3,stable
TBBP00691,CCc1ncc(OC)c2c1[nH]c1c(O)cccc12,stable
TCFN96098,C=CCc1ccc(O)c(-c2cc(O)ccc2O)c1,stable
TN3433,C=C(C(=O)OC1CC2CCC(C1)N2C)c1ccccc1,stable
TN3574,COc1ccc2c(c1OC)CN1CCc3cc4c(cc3C1C2)OCO4,stable
T3927,COc1c2ccoc2c(OCC=C(C)C)c2oc(=O)ccc12,stable
TBBP06178,O=C(CCc1ccccc1)CC(O)CCc1ccc(O)cc1,stable
NP-021302,O=C1CC(c2ccccc2)Oc2cc(O)c(Cc3ccccc3O)c(O)c21,stable
TN4150,CC1(C)Oc2ccc(-c3oc4cc(O)cc(O)c4c(=O)c3O)cc2CC1O,stable
PDK0015,O=c1cc(O)c2ccccc2o1,stable
T3325,O=C1CC(c2ccc(O)cc2)Oc2cc(O)ccc21,stable
TN3047,COc1cc(=O)n(C)c2ccccc12,stable
T8088,CC(=O)OCc1ccco1,stable
T21130,COc1cc2c(cc1OC)OC(C)(C)C=C2,stable
TBBP00673,COc1cc2c(cc1OC)-c1cc3cc(OC)c(OC)cc3c[n+]1CC2,stable
TN1878,COc1cc(O)cc(OC)c1CCC(=O)c1ccc(O)cc1,stable
TBBP00108,COc1cc(OC)c2ccc(=O)oc2c1OC,stable
T2814,CC1COC2=C1C(=O)C(=O)c1c2ccc2c1CCCC2(C)C,stable
AA-504/21001039,COc1c(CO)c(O)cc2c1C(=O)c1ccccc1C2=O,stable
TN3540,CC(C)=CCc1cc(CCCc2ccc(O)cc2O)ccc1O,stable
T5901,Cc1ncccc1O,stable
TN3409,O=c1cccc2n1CC1CC2CN2CCCCC12,stable
TN2354,COc1ccc2c(c1OC)OC1c3ccc(O)cc3OCC21,stable
TBBP03365,COc1c(OC)c(O)c2c(=O)cc(-c3ccc(O)c(O)c3)oc2c1OC,stable
TN3231,COc1ccc(-c2cc(=O)c3ccc(O)cc3o2)cc1,stable
T3740,COc1ccc(C=O)cc1O,stable
T7727,C[Se]CC(N)C(=O)O,stable
T23735,COc1cc2c(cc1-c1coc3c4c(ccc3c1=O)OC(C)(C)C=C4)OCO2,stable
TCFN95449,CCCCC1OC(=O)C2=C1CCC(O)C2O,stable
TN4509,COc1ccc2c(c1)OC1c3ccc(OC4OC(CO)C(O)C(O)C4O)cc3OCC21,stable
TN2015,COc1ccc(CC2COc3c(OC)c(O)c(C)c(O)c3C2=O)c(O)c1,stable
TN1244,COc1ccc(-c2cc(=O)c3c(OC)c(OC)c(OC)c(OC)c3o2)cc1O,stable
T2825,CC1=C2CC3C(CC=C4CC(O)CCC43C)C2CCC12OC1CC(C)CNC1C2C,stable
TCFN92183,Cc1ccc2c(c1C(=O)CCC(C)(C)O)C(=O)C(=O)C(C(C)C)=C2,stable
